Date,2016/10/19,2016/10/19,2016/10/19,2016/10/19,2016/10/19,2016/10/19,2016/10/19,
Time,09:00:00,09:05:00,09:10:00,09:15:00,09:20:00,09:25:00,09:30:00,
Memo,EKO WISER,EKO WISER,EKO WISER,EKO WISER,EKO WISER,EKO WISER,EKO WISER,
Sensor,MS-711,MS-711,MS-711,MS-711,MS-711,MS-711,MS-711,
Exposure Time(msec),5000,5000,5000,5000,5000,2000,2000,
Sensor Temp.(deg),24.5,24.5,24.5,24.5,24.6,24.4,24.6,
Power(V),5.9,5.9,5.9,5.9,5.9,5.9,5.9,
Wavelength(nm),Irradiance(W/m2/um),Irradiance(W/m2/um),Irradiance(W/m2/um),Irradiance(W/m2/um),Irradiance(W/m2/um),Irradiance(W/m2/um),Irradiance(W/m2/um),
287.77,-0.00,-0.00,-0.00,0.00,0.00,0.00,0.00,
288.21,-0.00,-0.00,-0.00,0.00,0.00,-0.00,0.00,
288.65,-0.00,-0.00,-0.00,0.00,0.00,0.00,0.00,
289.08,-0.00,-0.00,0.00,0.00,0.00,0.00,0.00,
289.52,-0.00,-0.00,-0.00,0.00,0.00,0.00,0.00,
289.95,-0.00,-0.00,-0.00,0.00,0.00,0.00,0.00,
290.39,-0.00,-0.00,-0.00,0.00,0.00,0.00,0.00,
290.82,-0.00,-0.00,-0.00,0.00,0.00,0.00,0.00,
291.26,-0.00,-0.00,-0.00,0.00,0.00,0.00,0.00,
291.69,-0.00,-0.00,-0.00,0.00,0.00,0.00,0.00,
292.13,-0.00,-0.00,-0.00,0.00,0.00,0.00,0.00,
292.56,0.00,0.00,-0.00,0.00,0.00,0.00,-0.00,
293.00,-0.00,0.00,-0.00,0.00,0.00,0.00,0.00,
293.43,-0.00,0.00,-0.00,0.00,0.00,0.00,0.00,
293.87,-0.00,0.00,-0.00,0.00,0.00,0.00,0.00,
294.30,-0.00,-0.00,-0.00,0.00,0.00,0.00,-0.00,
294.74,-0.01,-0.02,-0.01,0.01,0.01,0.11,-0.02,
295.17,-0.01,-0.00,-0.01,0.01,0.02,0.07,-0.01,
295.61,-0.01,0.00,-0.02,0.02,0.02,0.04,0.01,
296.04,-0.03,0.00,-0.02,0.02,0.02,0.06,0.02,
296.47,-0.03,0.00,-0.01,0.01,0.03,0.05,0.03,
296.91,-0.03,-0.01,-0.01,0.00,0.02,0.08,0.00,
297.34,-0.03,-0.01,-0.01,0.02,0.01,0.08,-0.01,
297.78,-0.01,0.00,-0.00,0.03,0.02,0.07,0.01,
298.21,-0.00,0.00,-0.00,0.04,0.04,0.05,-0.01,
298.65,-0.00,0.02,-0.00,0.04,0.03,0.04,0.01,
299.08,-0.03,0.01,0.00,0.03,0.03,0.06,0.06,
299.51,-0.02,0.00,-0.01,0.03,0.03,0.03,0.07,
299.95,-0.02,0.00,-0.01,0.04,0.03,0.05,0.04,
300.38,-0.02,-0.01,-0.01,0.04,0.05,0.14,0.03,
300.82,-0.02,-0.01,0.00,0.04,0.07,0.12,0.06,
301.25,-0.02,-0.00,-0.00,0.06,0.08,0.10,0.10,
301.68,-0.02,0.01,-0.00,0.06,0.09,0.11,0.11,
302.12,-0.03,0.02,0.00,0.06,0.09,0.13,0.11,
302.55,-0.02,0.01,0.00,0.05,0.09,0.14,0.12,
302.99,-0.01,0.02,0.01,0.07,0.08,0.16,0.09,
303.42,-0.00,0.03,0.01,0.08,0.09,0.16,0.09,
303.85,0.00,0.02,0.02,0.10,0.11,0.15,0.09,
304.29,0.01,0.03,0.01,0.11,0.11,0.14,0.11,
304.72,-0.01,0.03,0.03,0.11,0.12,0.16,0.18,
305.15,-0.01,0.01,0.04,0.12,0.14,0.17,0.20,
305.59,-0.00,0.00,0.03,0.13,0.16,0.19,0.21,
306.02,-0.01,0.00,0.05,0.14,0.19,0.25,0.21,
306.46,-0.01,0.01,0.05,0.16,0.22,0.28,0.25,
306.89,0.00,0.03,0.05,0.19,0.24,0.26,0.31,
307.32,0.02,0.03,0.05,0.23,0.26,0.29,0.33,
307.76,0.02,0.05,0.06,0.26,0.29,0.35,0.38,
308.19,0.01,0.04,0.06,0.28,0.31,0.41,0.45,
308.62,0.02,0.04,0.08,0.32,0.33,0.48,0.48,
309.06,0.03,0.04,0.09,0.36,0.38,0.55,0.55,
309.49,0.04,0.03,0.09,0.40,0.44,0.63,0.63,
309.92,0.04,0.04,0.10,0.44,0.49,0.70,0.75,
310.35,0.04,0.06,0.13,0.49,0.54,0.79,0.89,
310.79,0.02,0.05,0.14,0.53,0.61,0.88,1.01,
311.22,0.03,0.05,0.15,0.59,0.67,0.99,1.07,
311.65,0.03,0.06,0.17,0.64,0.74,1.16,1.17,
312.09,0.03,0.07,0.20,0.72,0.82,1.29,1.31,
312.52,0.04,0.08,0.22,0.81,0.91,1.40,1.47,
312.95,0.06,0.10,0.24,0.92,1.01,1.51,1.60,
313.38,0.06,0.13,0.27,1.01,1.11,1.68,1.77,
313.82,0.04,0.14,0.30,1.09,1.20,1.85,2.00,
314.25,0.05,0.14,0.34,1.19,1.29,1.99,2.14,
314.68,0.06,0.15,0.39,1.31,1.42,2.21,2.32,
315.12,0.07,0.16,0.42,1.44,1.56,2.39,2.55,
315.55,0.09,0.19,0.45,1.57,1.70,2.57,2.79,
315.98,0.10,0.22,0.50,1.73,1.86,2.80,3.07,
316.41,0.10,0.24,0.54,1.87,2.02,3.04,3.33,
316.85,0.11,0.26,0.57,2.01,2.18,3.26,3.56,
317.28,0.12,0.27,0.61,2.15,2.34,3.54,3.77,
317.71,0.13,0.30,0.66,2.32,2.50,3.81,4.06,
318.14,0.15,0.32,0.70,2.49,2.67,4.01,4.33,
318.57,0.19,0.36,0.73,2.68,2.84,4.23,4.54,
319.01,0.19,0.39,0.78,2.86,3.02,4.52,4.85,
319.44,0.19,0.42,0.84,3.02,3.18,4.84,5.20,
319.87,0.22,0.43,0.89,3.19,3.36,5.06,5.43,
320.30,0.24,0.45,0.95,3.39,3.55,5.38,5.70,
320.73,0.25,0.48,1.02,3.61,3.79,5.73,6.05,
321.17,0.27,0.52,1.06,3.82,4.00,6.01,6.38,
321.60,0.28,0.57,1.13,4.08,4.28,6.41,6.81,
322.03,0.28,0.62,1.21,4.35,4.56,6.80,7.24,
322.46,0.29,0.66,1.28,4.59,4.83,7.21,7.62,
322.89,0.32,0.68,1.36,4.84,5.08,7.62,7.97,
323.33,0.34,0.73,1.45,5.12,5.35,8.08,8.40,
323.76,0.36,0.79,1.54,5.42,5.64,8.47,8.84,
324.19,0.39,0.83,1.61,5.69,5.92,8.85,9.23,
324.62,0.41,0.89,1.69,5.96,6.19,9.27,9.67,
325.05,0.41,0.94,1.79,6.25,6.49,9.76,10.22,
325.48,0.44,0.97,1.88,6.51,6.76,10.14,10.61,
325.92,0.47,1.01,1.95,6.76,7.03,10.54,10.95,
326.35,0.48,1.04,2.04,7.04,7.31,11.01,11.38,
326.78,0.51,1.10,2.09,7.26,7.56,11.31,11.74,
327.21,0.52,1.14,2.15,7.49,7.80,11.65,12.10,
327.64,0.53,1.18,2.21,7.69,8.01,11.96,12.42,
328.07,0.54,1.23,2.27,7.85,8.18,12.24,12.68,
328.50,0.56,1.24,2.31,8.00,8.33,12.53,12.91,
328.93,0.58,1.27,2.36,8.13,8.42,12.75,13.08,
329.37,0.60,1.30,2.40,8.25,8.53,12.90,13.27,
329.80,0.63,1.32,2.43,8.37,8.65,13.04,13.40,
330.23,0.64,1.35,2.45,8.44,8.71,13.15,13.52,
330.66,0.64,1.37,2.50,8.56,8.83,13.38,13.75,
331.09,0.65,1.38,2.53,8.65,8.92,13.49,13.87,
331.52,0.66,1.38,2.55,8.70,8.97,13.59,13.89,
331.95,0.66,1.39,2.56,8.72,8.99,13.68,13.92,
332.38,0.66,1.40,2.57,8.75,9.03,13.69,13.96,
332.81,0.67,1.41,2.57,8.78,9.04,13.70,14.01,
333.24,0.66,1.42,2.58,8.79,9.04,13.72,14.01,
333.68,0.66,1.43,2.59,8.79,9.03,13.74,14.01,
334.11,0.67,1.43,2.60,8.82,9.06,13.84,14.06,
334.54,0.67,1.43,2.62,8.85,9.07,13.89,14.05,
334.97,0.68,1.44,2.64,8.88,9.09,13.90,14.06,
335.40,0.69,1.44,2.64,8.93,9.15,13.95,14.13,
335.83,0.70,1.46,2.65,8.99,9.21,14.02,14.23,
336.26,0.69,1.47,2.68,9.05,9.29,14.14,14.41,
336.69,0.70,1.48,2.71,9.12,9.36,14.24,14.51,
337.12,0.71,1.48,2.73,9.19,9.42,14.34,14.59,
337.55,0.71,1.50,2.76,9.25,9.50,14.51,14.68,
337.98,0.72,1.51,2.77,9.33,9.58,14.60,14.80,
338.41,0.73,1.53,2.78,9.42,9.67,14.69,14.93,
338.84,0.74,1.54,2.79,9.48,9.73,14.81,15.03,
339.27,0.73,1.56,2.81,9.52,9.78,14.90,15.10,
339.70,0.74,1.57,2.83,9.59,9.85,15.05,15.26,
340.13,0.76,1.57,2.85,9.66,9.91,15.18,15.34,
340.56,0.77,1.58,2.87,9.71,9.94,15.25,15.39,
340.99,0.78,1.58,2.87,9.74,9.97,15.26,15.43,
341.42,0.79,1.60,2.87,9.76,9.99,15.31,15.47,
341.85,0.78,1.61,2.88,9.76,9.99,15.33,15.50,
342.28,0.77,1.60,2.88,9.75,9.99,15.32,15.47,
342.71,0.78,1.59,2.87,9.73,9.97,15.33,15.41,
343.14,0.77,1.59,2.87,9.74,9.98,15.40,15.43,
343.57,0.77,1.60,2.88,9.73,9.99,15.42,15.44,
344.00,0.78,1.60,2.87,9.73,9.97,15.39,15.45,
344.43,0.79,1.61,2.88,9.73,9.98,15.40,15.45,
344.86,0.78,1.62,2.88,9.72,9.97,15.42,15.46,
345.29,0.78,1.63,2.89,9.73,9.99,15.49,15.52,
345.72,0.78,1.62,2.90,9.75,10.01,15.53,15.55,
346.15,0.79,1.62,2.93,9.78,10.06,15.61,15.58,
346.58,0.80,1.63,2.94,9.83,10.11,15.66,15.65,
347.01,0.81,1.64,2.95,9.88,10.17,15.73,15.75,
347.44,0.81,1.66,2.97,9.94,10.26,15.87,15.90,
347.87,0.81,1.67,2.99,10.00,10.34,15.97,16.02,
348.30,0.82,1.68,3.01,10.07,10.42,16.11,16.14,
348.73,0.83,1.69,3.04,10.16,10.51,16.33,16.29,
349.16,0.83,1.71,3.07,10.24,10.60,16.48,16.45,
349.59,0.85,1.73,3.09,10.33,10.67,16.57,16.58,
350.02,0.86,1.73,3.08,10.33,10.67,16.55,16.57,
350.44,0.87,1.75,3.11,10.41,10.75,16.71,16.71,
350.87,0.86,1.77,3.13,10.49,10.83,16.88,16.87,
351.30,0.88,1.77,3.16,10.57,10.91,17.02,16.98,
351.73,0.89,1.78,3.19,10.65,11.00,17.14,17.07,
352.16,0.90,1.79,3.21,10.74,11.08,17.27,17.20,
352.59,0.91,1.81,3.22,10.81,11.14,17.35,17.29,
353.02,0.90,1.81,3.22,10.82,11.16,17.38,17.33,
353.45,0.90,1.81,3.22,10.80,11.15,17.36,17.32,
353.88,0.89,1.81,3.20,10.77,11.11,17.33,17.26,
354.31,0.89,1.79,3.18,10.70,11.04,17.27,17.14,
354.73,0.88,1.78,3.16,10.62,10.94,17.16,17.00,
355.16,0.88,1.76,3.13,10.54,10.85,16.98,16.84,
355.59,0.88,1.75,3.10,10.44,10.76,16.82,16.69,
356.02,0.87,1.74,3.09,10.38,10.71,16.76,16.61,
356.45,0.86,1.73,3.07,10.33,10.68,16.73,16.56,
356.88,0.86,1.71,3.06,10.29,10.64,16.67,16.50,
357.31,0.85,1.70,3.05,10.24,10.59,16.61,16.40,
357.74,0.84,1.69,3.04,10.20,10.56,16.56,16.34,
358.16,0.85,1.69,3.02,10.17,10.54,16.52,16.34,
358.59,0.84,1.68,3.00,10.12,10.51,16.48,16.30,
359.02,0.84,1.69,3.01,10.13,10.54,16.53,16.35,
359.45,0.84,1.71,3.01,10.16,10.57,16.61,16.40,
359.88,0.84,1.71,3.04,10.23,10.64,16.77,16.50,
360.31,0.85,1.73,3.07,10.33,10.73,16.95,16.66,
360.73,0.87,1.76,3.11,10.47,10.88,17.17,16.89,
361.16,0.88,1.78,3.16,10.63,11.06,17.43,17.17,
361.59,0.90,1.82,3.21,10.82,11.26,17.77,17.51,
362.02,0.90,1.85,3.28,11.01,11.45,18.11,17.83,
362.45,0.92,1.89,3.33,11.18,11.63,18.38,18.10,
362.88,0.94,1.91,3.38,11.36,11.80,18.68,18.36,
363.30,0.95,1.94,3.43,11.54,11.98,18.97,18.62,
363.73,0.97,1.98,3.48,11.72,12.16,19.26,18.93,
364.16,0.99,2.01,3.52,11.87,12.33,19.51,19.20,
364.59,1.00,2.03,3.56,12.03,12.49,19.78,19.43,
365.02,1.01,2.08,3.60,12.18,12.65,20.03,19.68,
365.44,1.02,2.10,3.64,12.30,12.78,20.28,19.87,
365.87,1.03,2.11,3.68,12.44,12.91,20.51,20.09,
366.30,1.05,2.13,3.72,12.55,13.02,20.68,20.27,
366.73,1.07,2.15,3.74,12.67,13.15,20.84,20.45,
367.16,1.08,2.16,3.76,12.75,13.24,21.01,20.60,
367.58,1.08,2.18,3.79,12.81,13.30,21.11,20.73,
368.01,1.08,2.19,3.80,12.83,13.34,21.14,20.76,
368.44,1.09,2.18,3.80,12.83,13.34,21.19,20.74,
368.87,1.08,2.17,3.79,12.81,13.33,21.21,20.69,
369.29,1.08,2.17,3.78,12.74,13.27,21.09,20.59,
369.72,1.08,2.16,3.74,12.64,13.18,20.92,20.46,
370.15,1.06,2.14,3.71,12.51,13.06,20.74,20.26,
370.58,1.05,2.14,3.67,12.39,12.93,20.57,20.08,
371.00,1.04,2.13,3.65,12.29,12.83,20.45,19.92,
371.43,1.03,2.09,3.63,12.19,12.71,20.34,19.77,
371.86,1.04,2.08,3.60,12.11,12.63,20.22,19.63,
372.29,1.04,2.06,3.59,12.06,12.59,20.14,19.55,
372.71,1.04,2.06,3.58,12.03,12.57,20.13,19.54,
373.14,1.02,2.06,3.57,11.98,12.53,20.10,19.51,
373.57,1.02,2.06,3.58,11.99,12.55,20.10,19.53,
374.00,1.03,2.05,3.58,12.02,12.58,20.18,19.54,
374.42,1.03,2.05,3.59,12.07,12.62,20.31,19.60,
374.85,1.03,2.06,3.61,12.14,12.69,20.41,19.72,
375.28,1.05,2.08,3.63,12.22,12.78,20.53,19.88,
375.70,1.05,2.09,3.65,12.30,12.86,20.69,20.02,
376.13,1.05,2.11,3.68,12.40,12.96,20.86,20.19,
376.56,1.05,2.12,3.70,12.46,13.04,21.02,20.33,
376.99,1.07,2.11,3.73,12.53,13.10,21.14,20.44,
377.41,1.07,2.11,3.73,12.55,13.13,21.17,20.47,
377.84,1.09,2.11,3.74,12.57,13.15,21.18,20.49,
378.27,1.08,2.10,3.73,12.54,13.12,21.13,20.47,
378.69,1.07,2.10,3.71,12.45,13.03,21.01,20.34,
379.12,1.06,2.07,3.67,12.33,12.91,20.79,20.13,
379.55,1.05,2.05,3.62,12.18,12.74,20.56,19.88,
379.97,1.03,2.01,3.56,11.97,12.53,20.29,19.53,
380.40,1.01,1.99,3.50,11.76,12.32,19.92,19.19,
380.83,1.00,1.96,3.44,11.54,12.09,19.55,18.86,
381.25,0.99,1.93,3.38,11.35,11.89,19.21,18.57,
381.68,0.97,1.91,3.34,11.17,11.71,18.96,18.30,
382.11,0.95,1.89,3.29,11.01,11.56,18.74,18.08,
382.53,0.95,1.86,3.25,10.89,11.43,18.60,17.90,
382.96,0.95,1.85,3.24,10.83,11.35,18.49,17.75,
383.39,0.95,1.84,3.22,10.79,11.31,18.42,17.68,
383.81,0.95,1.84,3.22,10.77,11.30,18.42,17.69,
384.24,0.94,1.84,3.22,10.77,11.30,18.44,17.70,
384.67,0.95,1.86,3.23,10.80,11.34,18.50,17.76,
385.09,0.95,1.88,3.25,10.88,11.42,18.64,17.90,
385.52,0.97,1.90,3.28,11.00,11.55,18.89,18.10,
385.95,0.98,1.92,3.33,11.14,11.69,19.14,18.32,
386.37,1.01,1.96,3.38,11.32,11.87,19.43,18.61,
386.80,1.03,1.99,3.43,11.50,12.07,19.78,18.93,
387.22,1.04,2.03,3.48,11.71,12.29,20.13,19.27,
387.65,1.05,2.06,3.54,11.87,12.47,20.46,19.58,
388.08,1.08,2.08,3.59,12.03,12.63,20.73,19.82,
388.50,1.09,2.10,3.64,12.16,12.76,20.97,20.00,
388.93,1.11,2.11,3.66,12.25,12.85,21.11,20.13,
389.36,1.12,2.12,3.67,12.30,12.92,21.20,20.21,
389.78,1.12,2.13,3.67,12.31,12.93,21.21,20.25,
390.21,1.11,2.13,3.67,12.27,12.90,21.17,20.20,
390.63,1.11,2.13,3.66,12.23,12.87,21.12,20.14,
391.06,1.10,2.11,3.65,12.19,12.82,21.10,20.05,
391.49,1.10,2.10,3.64,12.15,12.78,21.03,19.96,
391.91,1.10,2.10,3.63,12.10,12.74,20.94,19.88,
392.34,1.11,2.09,3.62,12.08,12.72,20.90,19.86,
392.76,1.09,2.09,3.62,12.05,12.70,20.88,19.84,
393.19,1.08,2.09,3.61,12.02,12.67,20.86,19.80,
393.61,1.09,2.08,3.60,11.96,12.62,20.80,19.73,
394.04,1.09,2.08,3.59,11.96,12.61,20.79,19.68,
394.47,1.08,2.08,3.59,11.98,12.63,20.86,19.72,
394.89,1.10,2.10,3.61,12.06,12.73,21.01,19.87,
395.32,1.11,2.13,3.67,12.22,12.92,21.33,20.18,
395.74,1.13,2.18,3.74,12.48,13.19,21.81,20.64,
396.17,1.15,2.26,3.85,12.83,13.57,22.48,21.24,
396.59,1.20,2.33,3.97,13.28,14.04,23.30,21.96,
397.02,1.24,2.40,4.12,13.77,14.56,24.19,22.78,
397.45,1.31,2.49,4.28,14.28,15.09,25.06,23.63,
397.87,1.36,2.57,4.42,14.78,15.63,25.96,24.50,
398.30,1.42,2.66,4.58,15.28,16.15,26.83,25.35,
398.72,1.45,2.74,4.72,15.74,16.64,27.70,26.15,
399.15,1.50,2.82,4.86,16.19,17.11,28.51,26.90,
399.57,1.55,2.90,4.99,16.64,17.59,29.33,27.66,
400.00,1.60,2.97,5.13,17.12,18.08,30.17,28.42,
400.42,1.64,3.05,5.27,17.53,18.54,30.91,29.12,
400.85,1.68,3.12,5.38,17.91,18.95,31.57,29.78,
401.27,1.71,3.18,5.49,18.26,19.33,32.18,30.37,
401.70,1.73,3.24,5.57,18.53,19.62,32.66,30.80,
402.12,1.74,3.28,5.62,18.69,19.80,33.03,31.09,
402.55,1.77,3.29,5.67,18.82,19.93,33.24,31.29,
402.97,1.78,3.31,5.69,18.87,20.00,33.32,31.41,
403.40,1.79,3.31,5.68,18.89,20.02,33.33,31.45,
403.82,1.79,3.31,5.68,18.88,20.01,33.38,31.48,
404.25,1.78,3.33,5.69,18.88,20.01,33.42,31.51,
404.67,1.77,3.33,5.69,18.84,20.00,33.42,31.47,
405.10,1.77,3.32,5.68,18.84,19.99,33.42,31.40,
405.52,1.77,3.31,5.68,18.84,19.99,33.44,31.36,
405.95,1.78,3.32,5.67,18.81,19.99,33.40,31.32,
406.37,1.78,3.31,5.66,18.78,19.97,33.38,31.31,
406.80,1.78,3.31,5.65,18.79,19.98,33.41,31.33,
407.22,1.77,3.33,5.66,18.81,20.02,33.49,31.39,
407.65,1.77,3.34,5.65,18.80,20.02,33.54,31.39,
408.07,1.77,3.32,5.65,18.81,20.02,33.60,31.42,
408.50,1.80,3.33,5.68,18.88,20.10,33.70,31.51,
408.92,1.81,3.33,5.70,18.93,20.18,33.83,31.64,
409.35,1.82,3.36,5.73,19.01,20.27,34.03,31.80,
409.77,1.82,3.38,5.77,19.10,20.38,34.27,31.97,
410.20,1.84,3.40,5.80,19.19,20.49,34.46,32.13,
410.62,1.85,3.42,5.82,19.29,20.58,34.65,32.25,
411.04,1.85,3.42,5.86,19.42,20.69,34.87,32.40,
411.47,1.86,3.44,5.88,19.48,20.78,34.99,32.54,
411.89,1.87,3.46,5.89,19.54,20.84,35.08,32.67,
412.32,1.88,3.47,5.91,19.61,20.92,35.23,32.80,
412.74,1.88,3.51,5.94,19.68,21.03,35.41,32.95,
413.17,1.88,3.51,5.96,19.72,21.07,35.56,33.04,
413.59,1.90,3.51,5.97,19.79,21.09,35.68,33.09,
414.02,1.92,3.51,6.01,19.86,21.17,35.80,33.20,
414.44,1.93,3.53,6.02,19.91,21.24,35.89,33.31,
414.86,1.93,3.53,6.02,19.93,21.27,35.96,33.39,
415.29,1.92,3.54,6.02,19.92,21.29,36.00,33.41,
415.71,1.92,3.55,6.01,19.92,21.30,36.01,33.38,
416.14,1.93,3.55,6.00,19.92,21.27,35.99,33.34,
416.56,1.92,3.54,5.99,19.89,21.25,35.98,33.24,
416.99,1.93,3.54,5.98,19.84,21.23,35.92,33.19,
417.41,1.94,3.55,5.95,19.78,21.20,35.82,33.15,
417.83,1.95,3.54,5.95,19.77,21.19,35.79,33.13,
418.26,1.95,3.55,5.95,19.74,21.17,35.80,33.12,
418.68,1.93,3.56,5.94,19.72,21.14,35.83,33.11,
419.11,1.93,3.53,5.93,19.69,21.07,35.79,33.04,
419.53,1.94,3.51,5.93,19.67,21.04,35.74,32.99,
419.95,1.94,3.49,5.91,19.63,21.06,35.69,32.94,
420.38,1.94,3.49,5.89,19.59,21.02,35.64,32.87,
420.80,1.92,3.47,5.88,19.53,20.97,35.57,32.78,
421.23,1.92,3.47,5.86,19.49,20.94,35.51,32.70,
421.65,1.91,3.47,5.85,19.48,20.90,35.48,32.63,
422.07,1.90,3.45,5.84,19.44,20.84,35.43,32.51,
422.50,1.90,3.45,5.82,19.39,20.81,35.36,32.46,
422.92,1.91,3.45,5.81,19.36,20.78,35.25,32.45,
423.34,1.90,3.42,5.79,19.32,20.73,35.15,32.38,
423.77,1.89,3.41,5.77,19.26,20.65,35.06,32.30,
424.19,1.86,3.41,5.75,19.15,20.56,35.01,32.20,
424.62,1.85,3.37,5.72,19.07,20.44,34.82,32.02,
425.04,1.85,3.33,5.68,18.93,20.31,34.60,31.79,
425.46,1.85,3.31,5.65,18.80,20.20,34.34,31.54,
425.89,1.84,3.30,5.60,18.65,20.06,34.11,31.31,
426.31,1.82,3.29,5.53,18.46,19.86,33.80,31.07,
426.73,1.79,3.27,5.48,18.29,19.70,33.49,30.79,
427.16,1.78,3.28,5.43,18.16,19.53,33.27,30.55,
427.58,1.75,3.23,5.38,18.00,19.33,33.01,30.22,
428.00,1.73,3.19,5.33,17.80,19.14,32.65,29.92,
428.43,1.73,3.17,5.30,17.66,19.00,32.38,29.75,
428.85,1.74,3.14,5.26,17.56,18.91,32.22,29.59,
429.27,1.73,3.14,5.25,17.47,18.81,32.13,29.49,
429.70,1.71,3.15,5.26,17.41,18.79,32.16,29.47,
430.12,1.72,3.14,5.27,17.43,18.81,32.26,29.49,
430.54,1.75,3.13,5.26,17.49,18.83,32.32,29.52,
430.97,1.76,3.14,5.29,17.56,18.94,32.48,29.59,
431.39,1.78,3.16,5.32,17.65,19.06,32.67,29.80,
431.81,1.79,3.19,5.35,17.74,19.19,32.93,30.00,
432.24,1.80,3.23,5.39,17.88,19.34,33.16,30.25,
432.66,1.81,3.27,5.45,18.07,19.55,33.53,30.57,
433.08,1.83,3.30,5.51,18.28,19.76,34.02,30.92,
433.51,1.85,3.32,5.59,18.46,19.97,34.37,31.25,
433.93,1.90,3.37,5.66,18.70,20.23,34.78,31.68,
434.35,1.94,3.40,5.72,18.95,20.50,35.25,32.09,
434.77,1.96,3.45,5.78,19.16,20.69,35.63,32.43,
435.20,1.95,3.47,5.83,19.28,20.85,35.94,32.65,
435.62,1.96,3.50,5.86,19.43,20.98,36.19,32.86,
436.04,1.98,3.50,5.88,19.53,21.08,36.34,32.96,
436.47,1.99,3.51,5.90,19.59,21.14,36.39,32.97,
436.89,1.98,3.52,5.93,19.63,21.23,36.50,33.06,
437.31,1.98,3.56,5.93,19.69,21.27,36.62,33.23,
437.73,1.98,3.58,5.95,19.74,21.34,36.73,33.30,
438.16,1.98,3.61,5.98,19.84,21.45,36.92,33.47,
438.58,1.98,3.62,6.02,19.96,21.56,37.22,33.66,
439.00,2.01,3.62,6.05,20.03,21.62,37.40,33.82,
439.43,2.03,3.63,6.08,20.12,21.75,37.54,33.97,
439.85,2.06,3.64,6.11,20.23,21.87,37.77,34.18,
440.27,2.07,3.65,6.14,20.30,21.97,37.99,34.37,
440.69,2.06,3.68,6.16,20.35,22.04,38.16,34.55,
441.12,2.07,3.68,6.20,20.48,22.19,38.41,34.76,
441.54,2.09,3.71,6.24,20.62,22.31,38.64,34.97,
441.96,2.10,3.71,6.28,20.70,22.43,38.82,35.09,
442.38,2.11,3.73,6.30,20.80,22.56,39.04,35.29,
442.81,2.13,3.76,6.33,20.92,22.69,39.32,35.54,
443.23,2.15,3.79,6.38,21.03,22.79,39.51,35.71,
443.65,2.17,3.81,6.41,21.12,22.90,39.73,35.88,
444.07,2.17,3.83,6.45,21.24,23.00,40.01,36.08,
444.50,2.19,3.83,6.48,21.33,23.08,40.17,36.24,
444.92,2.21,3.84,6.51,21.41,23.18,40.29,36.34,
445.34,2.24,3.85,6.54,21.51,23.32,40.47,36.54,
445.76,2.25,3.87,6.55,21.59,23.41,40.66,36.74,
446.19,2.24,3.90,6.59,21.64,23.49,40.83,36.85,
446.61,2.25,3.94,6.62,21.74,23.60,41.05,37.02,
447.03,2.27,3.96,6.65,21.87,23.74,41.31,37.20,
447.45,2.28,3.98,6.69,21.98,23.84,41.51,37.37,
447.87,2.30,4.01,6.73,22.07,23.98,41.73,37.54,
448.30,2.32,4.05,6.76,22.19,24.10,41.99,37.81,
448.72,2.35,4.08,6.80,22.33,24.24,42.23,38.02,
449.14,2.35,4.11,6.83,22.42,24.35,42.42,38.22,
449.56,2.34,4.15,6.84,22.49,24.45,42.65,38.38,
449.99,2.35,4.16,6.86,22.57,24.51,42.82,38.52,
450.41,2.37,4.15,6.89,22.61,24.57,42.91,38.57,
450.83,2.39,4.16,6.89,22.62,24.59,42.93,38.60,
451.25,2.40,4.17,6.89,22.64,24.62,43.03,38.65,
451.67,2.38,4.19,6.89,22.63,24.60,43.06,38.64,
452.10,2.39,4.21,6.91,22.63,24.62,43.09,38.59,
452.52,2.40,4.23,6.89,22.68,24.63,43.15,38.64,
452.94,2.39,4.22,6.90,22.68,24.62,43.17,38.59,
453.36,2.39,4.21,6.91,22.66,24.63,43.17,38.57,
453.78,2.41,4.23,6.91,22.63,24.63,43.17,38.55,
454.20,2.41,4.22,6.90,22.65,24.62,43.15,38.54,
454.63,2.40,4.22,6.91,22.61,24.62,43.17,38.51,
455.05,2.37,4.23,6.90,22.55,24.58,43.16,38.49,
455.47,2.38,4.20,6.91,22.56,24.58,43.20,38.50,
455.89,2.40,4.18,6.93,22.58,24.61,43.23,38.54,
456.31,2.40,4.16,6.93,22.57,24.63,43.16,38.53,
456.74,2.40,4.18,6.92,22.58,24.63,43.22,38.59,
457.16,2.39,4.18,6.92,22.59,24.68,43.31,38.68,
457.58,2.39,4.20,6.92,22.60,24.70,43.34,38.70,
458.00,2.39,4.21,6.93,22.64,24.73,43.43,38.72,
458.42,2.38,4.19,6.95,22.68,24.76,43.55,38.76,
458.84,2.38,4.18,6.96,22.67,24.80,43.57,38.74,
459.27,2.40,4.20,6.95,22.69,24.83,43.56,38.83,
459.69,2.40,4.20,6.94,22.74,24.88,43.60,38.88,
460.11,2.39,4.21,6.93,22.73,24.87,43.63,38.93,
460.53,2.37,4.21,6.92,22.68,24.85,43.69,38.94,
460.95,2.36,4.19,6.92,22.70,24.82,43.70,38.95,
461.37,2.39,4.17,6.93,22.73,24.86,43.69,38.94,
461.79,2.40,4.16,6.92,22.69,24.83,43.60,38.85,
462.22,2.40,4.17,6.89,22.66,24.81,43.55,38.80,
462.64,2.40,4.20,6.89,22.66,24.83,43.66,38.87,
463.06,2.40,4.20,6.90,22.64,24.86,43.68,38.79,
463.48,2.38,4.23,6.92,22.65,24.85,43.71,38.77,
463.90,2.36,4.20,6.91,22.68,24.84,43.78,38.73,
464.32,2.36,4.17,6.90,22.65,24.84,43.71,38.72,
464.74,2.39,4.17,6.89,22.60,24.80,43.57,38.66,
465.16,2.39,4.14,6.87,22.60,24.74,43.51,38.67,
465.59,2.38,4.13,6.87,22.51,24.68,43.45,38.59,
466.01,2.33,4.14,6.86,22.41,24.57,43.39,38.46,
466.43,2.32,4.12,6.84,22.40,24.53,43.35,38.38,
466.85,2.33,4.10,6.87,22.42,24.54,43.29,38.37,
467.27,2.35,4.10,6.83,22.35,24.52,43.20,38.24,
467.69,2.33,4.11,6.82,22.28,24.45,43.14,38.20,
468.11,2.31,4.12,6.81,22.25,24.47,43.13,38.24,
468.53,2.29,4.12,6.80,22.24,24.46,43.17,38.21,
468.95,2.27,4.14,6.77,22.22,24.46,43.20,38.14,
469.38,2.23,4.12,6.74,22.22,24.40,43.15,38.18,
469.80,2.26,4.09,6.73,22.24,24.40,43.17,38.17,
470.22,2.29,4.09,6.73,22.19,24.43,43.06,38.23,
470.64,2.30,4.06,6.72,22.21,24.41,43.05,38.26,
471.06,2.28,4.06,6.72,22.19,24.39,43.09,38.34,
471.48,2.25,4.10,6.71,22.12,24.37,43.11,38.26,
471.90,2.24,4.09,6.69,22.12,24.36,43.13,38.30,
472.32,2.29,4.05,6.68,22.15,24.41,43.14,38.29,
472.74,2.32,4.01,6.69,22.15,24.41,43.09,38.22,
473.16,2.29,4.00,6.64,22.10,24.40,43.09,38.14,
473.58,2.29,3.99,6.66,22.08,24.39,43.09,38.19,
474.01,2.30,3.97,6.66,22.08,24.42,43.16,38.19,
474.43,2.28,4.00,6.66,22.09,24.40,43.23,38.14,
474.85,2.25,3.97,6.65,22.08,24.34,43.31,38.10,
475.27,2.25,3.91,6.68,22.08,24.32,43.19,38.10,
475.69,2.33,3.89,6.69,22.08,24.35,43.18,38.09,
476.11,2.32,3.87,6.67,22.04,24.32,43.02,38.10,
476.53,2.33,3.88,6.66,22.03,24.27,43.04,38.08,
476.95,2.30,3.92,6.69,22.01,24.33,43.25,38.18,
477.37,2.30,3.93,6.67,22.05,24.34,43.33,38.24,
477.79,2.30,3.92,6.67,22.11,24.37,43.41,38.22,
478.21,2.35,3.88,6.69,22.20,24.44,43.44,38.19,
478.63,2.31,3.91,6.71,22.17,24.46,43.47,38.17,
479.05,2.32,3.94,6.70,22.14,24.48,43.50,38.25,
479.47,2.37,3.93,6.75,22.19,24.52,43.61,38.29,
479.89,2.36,3.99,6.75,22.21,24.56,43.71,38.33,
480.31,2.31,3.99,6.74,22.19,24.48,43.76,38.33,
480.74,2.34,3.96,6.74,22.18,24.43,43.66,38.26,
481.16,2.41,3.95,6.75,22.19,24.46,43.59,38.27,
481.58,2.45,3.95,6.74,22.16,24.40,43.39,38.16,
482.00,2.43,3.98,6.73,22.03,24.26,43.24,37.98,
482.42,2.40,3.99,6.69,21.88,24.16,43.21,37.80,
482.84,2.39,3.99,6.67,21.80,24.05,43.04,37.65,
483.26,2.38,4.01,6.62,21.66,23.86,42.67,37.25,
483.68,2.37,3.97,6.61,21.49,23.71,42.32,36.81,
484.10,2.36,3.95,6.58,21.33,23.57,41.99,36.67,
484.52,2.35,3.96,6.52,21.13,23.39,41.72,36.53,
484.94,2.35,3.92,6.45,21.00,23.26,41.42,36.33,
485.36,2.32,3.94,6.42,20.92,23.15,41.28,36.17,
485.78,2.24,3.96,6.36,20.78,22.96,41.09,36.00,
486.20,2.23,3.91,6.33,20.70,22.84,40.93,35.80,
486.62,2.27,3.88,6.32,20.69,22.85,40.87,35.65,
487.04,2.30,3.86,6.31,20.70,22.86,40.83,35.70,
487.46,2.26,3.87,6.25,20.66,22.79,40.78,35.70,
487.88,2.22,3.87,6.26,20.58,22.83,40.90,35.77,
488.30,2.22,3.89,6.26,20.66,22.91,40.98,35.87,
488.72,2.21,3.91,6.30,20.74,22.97,41.11,35.93,
489.14,2.18,3.87,6.31,20.77,23.04,41.18,35.84,
489.56,2.23,3.85,6.34,20.84,23.16,41.35,36.02,
489.98,2.29,3.89,6.33,20.93,23.26,41.49,36.33,
490.40,2.31,3.84,6.35,21.00,23.32,41.62,36.39,
490.82,2.28,3.88,6.38,21.06,23.38,41.86,36.46,
491.24,2.25,3.91,6.41,21.13,23.43,42.17,36.66,
491.66,2.24,3.90,6.43,21.19,23.40,42.19,36.65,
492.08,2.31,3.87,6.48,21.27,23.48,42.26,36.70,
492.50,2.35,3.87,6.47,21.35,23.55,42.27,36.88,
492.92,2.33,3.92,6.45,21.32,23.53,42.22,36.98,
493.34,2.32,3.94,6.49,21.25,23.55,42.35,37.02,
493.76,2.31,3.96,6.55,21.26,23.63,42.38,36.96,
494.18,2.31,4.03,6.52,21.32,23.57,42.43,36.86,
494.60,2.27,3.98,6.53,21.30,23.52,42.49,36.63,
495.02,2.31,3.96,6.51,21.28,23.49,42.37,36.56,
495.44,2.33,3.98,6.46,21.26,23.52,42.34,36.67,
495.86,2.34,3.97,6.44,21.22,23.47,42.27,36.62,
496.28,2.30,3.96,6.44,21.17,23.43,42.32,36.53,
496.70,2.28,4.01,6.42,21.11,23.38,42.41,36.57,
497.12,2.27,3.99,6.42,21.13,23.29,42.24,36.50,
497.54,2.31,3.96,6.43,21.07,23.21,42.02,36.27,
497.95,2.35,3.90,6.39,21.00,23.17,41.78,36.16,
498.37,2.31,3.94,6.32,20.87,23.07,41.60,36.07,
498.79,2.30,3.90,6.31,20.68,22.97,41.46,35.89,
499.21,2.33,3.88,6.31,20.57,22.88,41.30,35.61,
499.63,2.29,3.88,6.23,20.49,22.75,41.14,35.32,
500.05,2.22,3.83,6.16,20.31,22.56,40.96,35.00,
500.47,2.23,3.75,6.16,20.18,22.46,40.69,34.77,
500.89,2.27,3.74,6.10,20.11,22.37,40.43,34.71,
501.31,2.26,3.69,6.09,20.06,22.31,40.34,34.75,
501.73,2.26,3.67,6.09,19.94,22.20,40.21,34.59,
502.15,2.19,3.68,6.07,19.89,22.15,40.21,34.53,
502.57,2.14,3.69,6.05,19.89,22.04,40.11,34.51,
502.99,2.13,3.67,6.07,19.86,22.03,39.99,34.42,
503.41,2.16,3.61,6.07,19.80,22.03,39.90,34.30,
503.83,2.14,3.62,6.04,19.78,22.08,39.90,34.36,
504.25,2.13,3.63,6.06,19.72,22.05,39.99,34.45,
504.67,2.14,3.60,6.07,19.69,22.04,40.02,34.32,
505.08,2.11,3.68,6.06,19.76,22.01,40.06,34.29,
505.50,2.06,3.67,6.03,19.79,22.01,40.17,34.28,
505.92,2.11,3.62,6.05,19.75,21.98,40.05,34.34,
506.34,2.15,3.62,6.05,19.82,22.07,39.99,34.49,
506.76,2.17,3.62,6.05,19.89,22.11,40.03,34.68,
507.18,2.16,3.61,6.07,19.89,22.12,40.08,34.82,
507.60,2.14,3.66,6.07,19.88,22.13,40.20,34.90,
508.02,2.16,3.69,6.08,19.92,22.15,40.38,35.00,
508.44,2.19,3.69,6.13,19.97,22.17,40.44,34.99,
508.86,2.24,3.65,6.14,19.92,22.25,40.34,34.84,
509.28,2.25,3.65,6.10,19.90,22.25,40.32,34.84,
509.70,2.27,3.68,6.11,19.90,22.28,40.39,35.00,
510.11,2.29,3.67,6.10,19.84,22.26,40.34,34.90,
510.53,2.26,3.72,6.10,19.83,22.31,40.40,34.85,
510.95,2.21,3.75,6.07,19.84,22.28,40.47,34.89,
511.37,2.24,3.68,6.07,19.78,22.22,40.36,34.77,
511.79,2.26,3.67,6.08,19.72,22.22,40.13,34.78,
512.21,2.28,3.66,6.08,19.79,22.25,40.06,34.84,
512.63,2.28,3.67,6.06,19.69,22.10,39.97,34.82,
513.05,2.23,3.65,6.05,19.56,21.99,39.85,34.61,
513.47,2.22,3.68,6.04,19.48,21.91,39.71,34.46,
513.88,2.22,3.65,6.00,19.39,21.77,39.44,34.06,
514.30,2.21,3.56,5.96,19.22,21.56,38.93,33.67,
514.72,2.19,3.54,5.88,19.04,21.42,38.61,33.47,
515.14,2.19,3.55,5.83,18.93,21.27,38.42,33.44,
515.56,2.20,3.49,5.81,18.81,21.14,38.20,33.17,
515.98,2.14,3.50,5.78,18.68,21.01,37.97,32.92,
516.40,2.10,3.52,5.74,18.65,20.87,37.91,32.94,
516.82,2.10,3.46,5.74,18.59,20.75,37.67,32.82,
517.23,2.12,3.42,5.73,18.50,20.73,37.47,32.68,
517.65,2.15,3.42,5.69,18.49,20.73,37.32,32.76,
518.07,2.15,3.44,5.67,18.52,20.67,37.38,32.80,
518.49,2.10,3.44,5.69,18.44,20.64,37.52,32.70,
518.91,2.09,3.44,5.69,18.45,20.71,37.60,32.68,
519.33,2.08,3.51,5.70,18.49,20.76,37.67,32.70,
519.75,2.06,3.48,5.71,18.49,20.79,37.68,32.53,
520.17,2.06,3.48,5.73,18.47,20.90,37.74,32.69,
520.58,2.07,3.55,5.75,18.56,21.05,37.99,32.97,
521.00,2.10,3.53,5.75,18.64,21.16,38.13,33.06,
521.42,2.07,3.56,5.80,18.70,21.23,38.33,33.09,
521.84,2.03,3.62,5.83,18.80,21.32,38.60,33.32,
522.26,2.02,3.61,5.86,18.89,21.31,38.68,33.39,
522.68,2.08,3.57,5.87,18.88,21.36,38.62,33.27,
523.09,2.14,3.53,5.84,18.93,21.36,38.53,33.22,
523.51,2.14,3.57,5.84,18.90,21.29,38.46,33.26,
523.93,2.07,3.55,5.86,18.82,21.27,38.56,33.14,
524.35,2.08,3.56,5.83,18.73,21.24,38.43,33.01,
524.77,2.07,3.61,5.81,18.69,21.18,38.31,32.85,
525.19,2.03,3.58,5.82,18.64,21.12,38.07,32.69,
525.60,2.08,3.50,5.82,18.58,21.12,38.04,32.64,
526.02,2.16,3.52,5.81,18.57,21.13,38.02,32.76,
526.44,2.15,3.49,5.81,18.60,21.13,38.04,32.83,
526.86,2.14,3.51,5.87,18.62,21.12,38.08,32.82,
527.28,2.09,3.53,5.84,18.66,21.06,38.25,32.82,
527.70,2.07,3.53,5.85,18.65,21.00,38.20,32.86,
528.11,2.11,3.49,5.87,18.59,21.00,38.10,32.72,
528.53,2.14,3.45,5.85,18.57,21.01,37.94,32.68,
528.95,2.11,3.49,5.81,18.56,20.97,38.00,32.74,
529.37,2.08,3.48,5.84,18.51,20.97,38.19,32.83,
529.79,2.13,3.46,5.85,18.50,21.02,38.23,32.75,
530.21,2.14,3.53,5.85,18.52,20.99,38.19,32.74,
530.62,2.09,3.50,5.84,18.53,20.99,38.29,32.61,
531.04,2.11,3.43,5.84,18.53,20.99,38.29,32.66,
531.46,2.16,3.45,5.83,18.54,20.99,38.40,32.77,
531.88,2.16,3.43,5.85,18.59,21.00,38.35,32.81,
532.30,2.13,3.45,5.83,18.57,20.98,38.44,32.79,
532.71,2.13,3.49,5.82,18.55,20.95,38.60,32.79,
533.13,2.11,3.48,5.83,18.57,20.87,38.54,32.74,
533.55,2.13,3.47,5.87,18.53,20.88,38.41,32.68,
533.97,2.16,3.45,5.82,18.50,20.90,38.28,32.57,
534.39,2.14,3.48,5.77,18.49,20.85,38.16,32.56,
534.80,2.10,3.48,5.78,18.42,20.90,38.39,32.60,
535.22,2.14,3.45,5.82,18.38,20.94,38.33,32.50,
535.64,2.12,3.54,5.79,18.38,20.91,38.27,32.42,
536.06,2.04,3.55,5.78,18.38,20.90,38.31,32.39,
536.48,2.09,3.45,5.80,18.39,20.94,38.30,32.26,
536.89,2.14,3.47,5.81,18.37,20.91,38.22,32.45,
537.31,2.14,3.48,5.79,18.37,20.88,38.16,32.42,
537.73,2.14,3.49,5.77,18.31,20.81,38.09,32.44,
538.15,2.07,3.52,5.75,18.23,20.74,38.13,32.37,
538.56,2.04,3.50,5.72,18.20,20.63,37.91,32.34,
538.98,2.03,3.48,5.69,18.14,20.56,37.66,32.20,
539.40,2.06,3.42,5.63,18.08,20.53,37.49,32.02,
539.82,2.07,3.43,5.59,17.99,20.46,37.36,31.99,
540.24,2.07,3.44,5.63,17.94,20.45,37.47,32.09,
540.65,2.11,3.40,5.63,17.91,20.44,37.53,32.01,
541.07,2.12,3.44,5.61,17.87,20.36,37.41,31.97,
541.49,2.04,3.47,5.59,17.84,20.29,37.44,31.86,
541.91,2.06,3.39,5.58,17.84,20.30,37.42,31.84,
542.32,2.10,3.37,5.57,17.81,20.28,37.30,31.84,
542.74,2.09,3.41,5.56,17.78,20.25,37.10,31.96,
543.16,2.06,3.40,5.56,17.77,20.22,37.11,31.84,
543.58,2.03,3.40,5.55,17.76,20.20,37.21,31.89,
543.99,2.03,3.40,5.54,17.75,20.16,37.25,31.88,
544.41,2.05,3.39,5.53,17.72,20.09,37.11,31.82,
544.83,2.05,3.37,5.54,17.75,20.13,37.11,31.63,
545.25,2.08,3.34,5.55,17.75,20.17,37.10,31.71,
545.66,2.07,3.39,5.56,17.67,20.19,37.20,31.79,
546.08,2.09,3.33,5.57,17.66,20.21,37.24,31.69,
546.50,2.06,3.35,5.54,17.68,20.24,37.22,31.60,
546.92,2.01,3.38,5.55,17.64,20.21,37.26,31.57,
547.33,1.99,3.32,5.55,17.65,20.20,37.20,31.43,
547.75,2.03,3.26,5.57,17.62,20.19,37.08,31.51,
548.17,2.06,3.26,5.58,17.62,20.18,36.95,31.53,
548.59,2.05,3.27,5.61,17.59,20.11,36.96,31.54,
549.00,2.01,3.27,5.58,17.57,20.09,37.23,31.52,
549.42,2.01,3.28,5.58,17.58,20.09,37.17,31.62,
549.84,1.99,3.30,5.54,17.54,20.05,37.05,31.43,
550.26,1.95,3.28,5.54,17.57,20.08,36.94,31.26,
550.67,1.98,3.28,5.50,17.57,20.13,36.98,31.28,
551.09,1.99,3.28,5.51,17.52,20.13,37.03,31.51,
551.51,2.00,3.28,5.49,17.45,20.09,37.02,31.34,
551.93,1.99,3.31,5.49,17.50,20.09,37.00,31.36,
552.34,1.93,3.37,5.45,17.50,20.04,37.08,31.47,
552.76,1.92,3.32,5.46,17.45,19.90,36.94,31.39,
553.18,1.97,3.30,5.41,17.44,19.91,36.72,31.34,
553.59,2.00,3.28,5.40,17.43,19.86,36.59,31.38,
554.01,2.01,3.30,5.34,17.36,19.74,36.49,31.30,
554.43,1.95,3.29,5.30,17.32,19.66,36.52,31.25,
554.85,2.00,3.29,5.24,17.27,19.67,36.44,31.18,
555.26,1.99,3.33,5.24,17.23,19.58,36.22,31.08,
555.68,1.96,3.28,5.21,17.14,19.52,36.03,30.73,
556.10,1.96,3.25,5.21,17.07,19.51,35.96,30.66,
556.51,2.00,3.24,5.18,16.96,19.46,35.86,30.67,
556.93,1.98,3.19,5.20,16.85,19.33,35.73,30.47,
557.35,1.98,3.23,5.14,16.80,19.27,35.58,30.29,
557.77,1.93,3.23,5.12,16.78,19.20,35.63,30.30,
558.18,1.91,3.20,5.07,16.70,19.00,35.36,30.07,
558.60,1.93,3.13,5.02,16.65,18.93,35.05,29.89,
559.02,1.97,3.14,4.99,16.66,18.92,34.87,29.87,
559.43,1.92,3.15,5.03,16.63,18.85,34.81,29.87,
559.85,1.88,3.16,4.99,16.52,18.77,34.89,29.85,
560.27,1.90,3.17,5.02,16.49,18.79,34.80,29.76,
560.68,1.86,3.23,5.03,16.47,18.76,34.75,29.62,
561.10,1.77,3.17,5.04,16.42,18.68,34.60,29.41,
561.52,1.81,3.11,5.00,16.31,18.69,34.56,29.27,
561.93,1.84,3.12,5.02,16.29,18.69,34.52,29.46,
562.35,1.85,3.08,5.02,16.26,18.63,34.43,29.39,
562.77,1.83,3.06,5.01,16.19,18.58,34.37,29.35,
563.19,1.80,3.10,4.99,16.16,18.57,34.44,29.41,
563.60,1.77,3.04,4.98,16.11,18.44,34.31,29.31,
564.02,1.77,2.99,4.92,16.04,18.37,33.97,29.14,
564.44,1.76,2.93,4.92,16.00,18.41,33.86,29.05,
564.85,1.74,2.97,4.94,15.92,18.35,33.80,28.99,
565.27,1.72,2.92,4.92,15.78,18.28,33.82,28.91,
565.69,1.77,2.90,4.84,15.70,18.21,33.71,28.72,
566.10,1.74,2.92,4.86,15.71,18.18,33.51,28.56,
566.52,1.66,2.89,4.80,15.62,18.08,33.33,28.36,
566.94,1.68,2.81,4.76,15.49,17.96,33.09,28.13,
567.35,1.74,2.79,4.71,15.40,17.89,32.98,28.15,
567.77,1.69,2.73,4.73,15.40,17.78,32.80,28.15,
568.19,1.67,2.70,4.67,15.33,17.63,32.70,28.00,
568.60,1.64,2.71,4.63,15.25,17.55,32.71,27.96,
569.02,1.61,2.73,4.59,15.23,17.43,32.56,27.89,
569.44,1.58,2.67,4.56,15.20,17.37,32.22,27.68,
569.85,1.63,2.62,4.54,15.16,17.38,32.11,27.41,
570.27,1.61,2.64,4.56,15.10,17.36,32.11,27.40,
570.69,1.63,2.64,4.54,14.98,17.33,32.15,27.41,
571.10,1.64,2.60,4.56,14.96,17.30,32.09,27.33,
571.52,1.61,2.65,4.53,14.95,17.27,31.94,27.14,
571.93,1.51,2.60,4.52,14.93,17.19,31.84,27.07,
572.35,1.53,2.53,4.45,14.83,17.14,31.78,26.96,
572.77,1.55,2.44,4.47,14.83,17.12,31.77,26.97,
573.18,1.56,2.42,4.44,14.82,17.17,31.67,27.07,
573.60,1.55,2.43,4.47,14.81,17.10,31.74,27.06,
574.02,1.54,2.44,4.41,14.76,17.06,31.85,27.07,
574.43,1.56,2.44,4.40,14.77,17.04,31.86,26.99,
574.85,1.55,2.47,4.41,14.74,17.02,31.64,26.88,
575.27,1.50,2.37,4.40,14.76,17.05,31.60,26.66,
575.68,1.56,2.39,4.42,14.73,17.05,31.64,26.67,
576.10,1.55,2.40,4.49,14.67,17.07,31.71,26.83,
576.52,1.58,2.37,4.50,14.65,17.04,31.66,26.77,
576.93,1.54,2.42,4.51,14.69,17.02,31.69,26.77,
577.35,1.49,2.45,4.50,14.70,17.00,31.68,26.82,
577.76,1.46,2.42,4.54,14.73,16.98,31.82,26.88,
578.18,1.52,2.45,4.58,14.75,17.07,31.86,27.00,
578.60,1.56,2.47,4.63,14.87,17.13,31.96,27.24,
579.01,1.59,2.54,4.65,14.88,17.15,32.23,27.45,
579.43,1.58,2.55,4.68,14.95,17.20,32.52,27.61,
579.85,1.59,2.60,4.64,15.03,17.22,32.53,27.67,
580.26,1.56,2.63,4.70,15.11,17.33,32.65,27.68,
580.68,1.52,2.61,4.73,15.20,17.44,32.63,27.70,
581.09,1.57,2.61,4.77,15.27,17.57,32.83,27.80,
581.51,1.66,2.69,4.79,15.27,17.65,33.03,28.11,
581.93,1.64,2.67,4.80,15.33,17.71,33.13,28.16,
582.34,1.63,2.73,4.76,15.40,17.74,33.17,28.22,
582.76,1.57,2.77,4.80,15.45,17.78,33.29,28.28,
583.17,1.60,2.74,4.79,15.48,17.75,33.19,28.27,
583.59,1.61,2.70,4.75,15.49,17.75,33.24,28.29,
584.01,1.67,2.69,4.71,15.50,17.76,33.03,28.30,
584.42,1.65,2.66,4.68,15.47,17.68,33.14,28.32,
584.84,1.61,2.67,4.66,15.36,17.59,33.11,28.21,
585.25,1.62,2.66,4.60,15.31,17.45,32.80,27.88,
585.67,1.61,2.71,4.55,15.20,17.28,32.42,27.49,
586.09,1.52,2.63,4.53,15.11,17.23,32.13,27.12,
586.50,1.58,2.64,4.48,14.96,17.10,31.88,26.92,
586.92,1.61,2.63,4.44,14.77,16.97,31.78,26.81,
587.33,1.58,2.58,4.37,14.63,16.81,31.50,26.63,
587.75,1.51,2.56,4.32,14.53,16.67,31.32,26.47,
588.17,1.49,2.59,4.29,14.45,16.55,31.16,26.43,
588.58,1.44,2.53,4.26,14.38,16.39,30.97,26.26,
589.00,1.47,2.46,4.23,14.31,16.30,30.73,26.13,
589.41,1.47,2.43,4.17,14.31,16.33,30.60,26.03,
589.83,1.46,2.46,4.19,14.25,16.23,30.49,25.98,
590.25,1.44,2.44,4.17,14.19,16.18,30.69,25.90,
590.66,1.50,2.46,4.17,14.15,16.17,30.56,25.73,
591.08,1.45,2.51,4.16,14.15,16.12,30.55,25.51,
591.49,1.37,2.49,4.18,14.15,16.17,30.49,25.47,
591.91,1.39,2.42,4.20,14.13,16.25,30.64,25.45,
592.32,1.49,2.44,4.21,14.08,16.28,30.79,25.70,
592.74,1.47,2.39,4.23,14.13,16.31,30.91,25.86,
593.16,1.47,2.43,4.26,14.17,16.35,30.85,25.96,
593.57,1.45,2.48,4.25,14.22,16.34,31.13,26.08,
593.99,1.45,2.48,4.29,14.26,16.33,31.09,26.13,
594.40,1.44,2.45,4.29,14.26,16.36,31.06,26.00,
594.82,1.51,2.42,4.30,14.32,16.45,31.08,25.97,
595.23,1.52,2.46,4.26,14.31,16.44,31.27,25.98,
595.65,1.54,2.46,4.31,14.22,16.41,31.45,26.06,
596.07,1.57,2.47,4.30,14.20,16.44,31.49,25.95,
596.48,1.55,2.54,4.33,14.16,16.42,31.40,25.93,
596.90,1.45,2.49,4.31,14.17,16.41,31.31,25.87,
597.31,1.55,2.45,4.31,14.16,16.53,31.24,25.99,
597.73,1.60,2.47,4.32,14.17,16.55,31.32,26.08,
598.14,1.65,2.45,4.32,14.19,16.56,31.32,26.27,
598.56,1.61,2.49,4.31,14.21,16.58,31.32,26.35,
598.97,1.60,2.55,4.32,14.23,16.57,31.37,26.35,
599.39,1.60,2.54,4.34,14.28,16.50,31.49,26.33,
599.81,1.61,2.53,4.37,14.26,16.56,31.26,26.26,
600.22,1.61,2.49,4.37,14.31,16.67,31.31,26.11,
600.64,1.66,2.55,4.40,14.32,16.67,31.38,26.19,
601.05,1.65,2.56,4.38,14.27,16.72,31.63,26.31,
601.47,1.66,2.58,4.41,14.25,16.76,31.62,26.30,
601.88,1.60,2.66,4.36,14.31,16.78,31.60,26.28,
602.30,1.53,2.63,4.39,14.31,16.80,31.50,26.36,
602.71,1.56,2.55,4.38,14.31,16.84,31.61,26.32,
603.13,1.59,2.57,4.42,14.30,16.89,31.69,26.42,
603.54,1.60,2.57,4.40,14.33,16.88,31.80,26.46,
603.96,1.62,2.57,4.40,14.30,16.89,31.82,26.63,
604.37,1.56,2.60,4.43,14.34,16.85,31.97,26.65,
604.79,1.55,2.59,4.46,14.38,16.78,31.88,26.59,
605.21,1.52,2.57,4.46,14.37,16.79,31.73,26.49,
605.62,1.52,2.52,4.49,14.41,16.88,31.75,26.33,
606.04,1.52,2.57,4.48,14.45,16.84,31.90,26.34,
606.45,1.54,2.58,4.47,14.37,16.84,32.07,26.53,
606.87,1.54,2.55,4.46,14.37,16.87,32.10,26.49,
607.28,1.53,2.64,4.48,14.38,16.84,31.95,26.47,
607.70,1.45,2.64,4.45,14.43,16.79,31.73,26.48,
608.11,1.49,2.55,4.52,14.39,16.72,31.67,26.39,
608.53,1.54,2.56,4.50,14.42,16.79,31.82,26.33,
608.94,1.62,2.58,4.52,14.48,16.82,31.67,26.36,
609.36,1.64,2.58,4.50,14.50,16.76,31.79,26.43,
609.77,1.61,2.60,4.57,14.48,16.71,31.82,26.51,
610.19,1.60,2.62,4.58,14.54,16.66,31.77,26.31,
610.60,1.61,2.60,4.57,14.50,16.63,31.54,26.16,
611.02,1.56,2.60,4.57,14.51,16.71,31.63,26.03,
611.43,1.62,2.60,4.55,14.47,16.73,31.66,26.03,
611.85,1.67,2.63,4.46,14.36,16.72,31.77,26.16,
612.26,1.68,2.52,4.48,14.32,16.76,31.68,26.13,
612.68,1.67,2.61,4.49,14.36,16.71,31.56,26.03,
613.09,1.62,2.61,4.45,14.35,16.62,31.28,26.08,
613.51,1.61,2.52,4.47,14.36,16.54,31.32,26.02,
613.92,1.64,2.48,4.50,14.35,16.57,31.38,25.98,
614.34,1.70,2.49,4.47,14.43,16.66,31.40,26.03,
614.75,1.70,2.53,4.48,14.39,16.60,31.38,26.11,
615.17,1.61,2.53,4.48,14.35,16.56,31.64,26.17,
615.58,1.55,2.55,4.50,14.40,16.56,31.50,26.08,
616.00,1.51,2.54,4.43,14.40,16.53,31.42,25.91,
616.41,1.47,2.48,4.46,14.46,16.58,31.41,25.87,
616.83,1.50,2.49,4.46,14.47,16.67,31.44,25.88,
617.24,1.57,2.49,4.45,14.44,16.68,31.51,26.07,
617.66,1.59,2.48,4.46,14.44,16.72,31.62,26.16,
618.07,1.58,2.54,4.50,14.51,16.72,31.54,26.18,
618.49,1.56,2.64,4.49,14.56,16.68,31.56,26.24,
618.90,1.57,2.55,4.52,14.55,16.63,31.60,26.26,
619.32,1.58,2.55,4.59,14.56,16.68,31.84,26.17,
619.73,1.60,2.56,4.58,14.57,16.78,31.78,26.11,
620.15,1.58,2.59,4.52,14.57,16.69,31.90,26.15,
620.56,1.56,2.60,4.58,14.50,16.67,32.02,26.15,
620.98,1.51,2.62,4.55,14.50,16.63,31.96,26.01,
621.39,1.48,2.65,4.52,14.45,16.57,31.66,25.84,
621.80,1.48,2.61,4.49,14.41,16.59,31.51,25.69,
622.22,1.47,2.56,4.52,14.39,16.61,31.39,25.56,
622.63,1.53,2.59,4.44,14.26,16.60,31.47,25.57,
623.05,1.53,2.53,4.41,14.21,16.53,31.46,25.59,
623.46,1.50,2.56,4.40,14.19,16.50,31.32,25.49,
623.88,1.41,2.56,4.35,14.12,16.38,31.08,25.40,
624.29,1.38,2.50,4.32,14.08,16.25,30.94,25.26,
624.71,1.31,2.41,4.35,13.96,16.17,30.71,25.01,
625.12,1.32,2.39,4.30,13.95,16.17,30.51,24.77,
625.54,1.32,2.34,4.20,13.88,16.08,30.39,24.80,
625.95,1.33,2.31,4.17,13.80,16.04,30.45,24.84,
626.37,1.31,2.30,4.15,13.78,16.02,30.21,24.65,
626.78,1.27,2.38,4.04,13.69,15.96,30.03,24.54,
627.19,1.27,2.30,4.06,13.67,15.95,29.88,24.44,
627.61,1.29,2.26,4.04,13.62,15.97,29.85,24.43,
628.02,1.33,2.27,4.05,13.56,15.99,29.98,24.50,
628.44,1.42,2.27,4.03,13.51,15.97,30.06,24.63,
628.85,1.39,2.28,4.03,13.53,15.92,30.02,24.76,
629.27,1.32,2.35,4.02,13.60,15.89,30.05,24.81,
629.68,1.35,2.34,4.02,13.60,15.82,30.00,24.82,
630.10,1.35,2.34,4.09,13.65,15.84,30.10,24.81,
630.51,1.33,2.30,4.13,13.75,15.95,30.09,24.74,
630.92,1.39,2.38,4.07,13.80,16.01,30.33,24.97,
631.34,1.42,2.39,4.12,13.83,16.09,30.68,25.22,
631.75,1.48,2.44,4.16,13.89,16.19,30.75,25.19,
632.17,1.42,2.54,4.18,13.96,16.23,30.74,25.23,
632.58,1.43,2.52,4.22,14.01,16.27,30.83,25.31,
633.00,1.45,2.44,4.28,14.08,16.33,30.95,25.35,
633.41,1.50,2.46,4.28,14.10,16.42,31.23,25.54,
633.82,1.57,2.43,4.29,14.20,16.51,31.36,25.77,
634.24,1.61,2.47,4.26,14.27,16.52,31.45,25.87,
634.65,1.54,2.50,4.30,14.36,16.58,31.64,26.06,
635.07,1.56,2.52,4.34,14.47,16.61,31.65,26.08,
635.48,1.56,2.49,4.45,14.48,16.66,31.62,26.05,
635.90,1.55,2.47,4.47,14.60,16.80,31.67,25.96,
636.31,1.61,2.51,4.44,14.67,16.96,31.79,26.02,
636.72,1.68,2.56,4.43,14.66,16.96,32.10,26.23,
637.14,1.70,2.52,4.43,14.67,17.01,32.09,26.18,
637.55,1.70,2.63,4.39,14.71,17.05,32.05,26.23,
637.97,1.61,2.65,4.40,14.72,17.03,31.97,26.30,
638.38,1.68,2.60,4.44,14.68,17.01,31.99,26.27,
638.80,1.70,2.60,4.46,14.65,17.06,32.08,26.33,
639.21,1.78,2.64,4.49,14.71,17.12,32.14,26.51,
639.62,1.75,2.65,4.46,14.74,17.11,32.16,26.60,
640.04,1.70,2.70,4.49,14.75,17.08,32.25,26.63,
640.45,1.67,2.72,4.53,14.79,17.03,32.17,26.65,
640.87,1.67,2.72,4.54,14.76,17.00,32.04,26.49,
641.28,1.61,2.66,4.58,14.75,17.02,31.99,26.30,
641.69,1.65,2.69,4.55,14.76,17.05,32.09,26.37,
642.11,1.71,2.68,4.52,14.68,17.00,32.17,26.47,
642.52,1.74,2.64,4.50,14.63,16.94,32.19,26.44,
642.94,1.68,2.69,4.48,14.60,16.92,32.06,26.38,
643.35,1.63,2.70,4.46,14.59,16.84,31.91,26.47,
643.76,1.61,2.59,4.45,14.47,16.69,31.80,26.33,
644.18,1.63,2.55,4.47,14.44,16.63,31.75,26.26,
644.59,1.61,2.50,4.42,14.44,16.65,31.67,26.31,
645.01,1.61,2.50,4.38,14.41,16.54,31.57,26.28,
645.42,1.56,2.45,4.36,14.34,16.42,31.55,26.14,
645.83,1.55,2.46,4.37,14.31,16.34,31.34,26.01,
646.25,1.52,2.48,4.35,14.21,16.28,31.12,25.77,
646.66,1.48,2.42,4.37,14.18,16.25,30.94,25.58,
647.07,1.48,2.43,4.35,14.15,16.25,30.92,25.46,
647.49,1.56,2.43,4.26,14.06,16.25,30.99,25.53,
647.90,1.55,2.39,4.22,14.01,16.23,30.95,25.42,
648.32,1.51,2.42,4.22,14.03,16.22,30.88,25.41,
648.73,1.44,2.45,4.19,14.02,16.17,30.77,25.41,
649.14,1.46,2.43,4.22,14.01,16.11,30.76,25.41,
649.56,1.48,2.39,4.25,13.99,16.15,30.86,25.28,
649.97,1.51,2.42,4.26,14.07,16.24,30.86,25.39,
650.38,1.51,2.46,4.21,14.08,16.26,31.01,25.41,
650.80,1.51,2.49,4.26,14.08,16.25,31.05,25.43,
651.21,1.51,2.50,4.28,14.09,16.27,31.04,25.31,
651.63,1.47,2.58,4.29,14.07,16.27,30.97,25.26,
652.04,1.44,2.56,4.28,14.07,16.27,30.93,25.05,
652.45,1.48,2.53,4.29,14.08,16.28,30.90,25.01,
652.87,1.52,2.55,4.23,13.98,16.29,31.01,25.02,
653.28,1.57,2.52,4.21,13.96,16.23,30.96,25.11,
653.69,1.54,2.53,4.23,13.94,16.19,30.81,25.01,
654.11,1.52,2.57,4.21,13.94,16.14,30.63,25.05,
654.52,1.53,2.55,4.22,13.88,16.08,30.64,25.03,
654.93,1.55,2.52,4.29,13.89,16.10,30.65,24.93,
655.35,1.51,2.49,4.24,13.94,16.19,30.69,24.79,
655.76,1.53,2.53,4.26,14.00,16.21,30.76,24.93,
656.17,1.52,2.51,4.32,14.01,16.26,31.07,24.96,
656.59,1.55,2.49,4.34,14.08,16.29,30.97,24.90,
657.00,1.51,2.56,4.31,14.11,16.36,31.00,24.85,
657.42,1.51,2.54,4.36,14.20,16.41,31.04,24.92,
657.83,1.55,2.49,4.37,14.27,16.52,31.17,24.99,
658.24,1.65,2.47,4.39,14.36,16.65,31.42,25.36,
658.66,1.69,2.47,4.39,14.44,16.76,31.63,25.59,
659.07,1.72,2.51,4.49,14.61,16.84,31.79,25.85,
659.48,1.66,2.55,4.55,14.70,16.96,31.98,25.99,
659.90,1.66,2.60,4.60,14.84,17.02,32.18,26.22,
660.31,1.65,2.58,4.70,14.88,17.10,32.48,26.20,
660.72,1.63,2.59,4.74,15.02,17.25,32.65,26.15,
661.14,1.64,2.67,4.71,15.09,17.32,32.88,26.26,
661.55,1.71,2.68,4.81,15.14,17.35,32.98,26.56,
661.96,1.72,2.67,4.80,15.14,17.39,33.01,26.52,
662.38,1.71,2.74,4.77,15.16,17.41,32.83,26.50,
662.79,1.66,2.79,4.78,15.16,17.42,32.86,26.62,
663.20,1.71,2.76,4.81,15.17,17.45,32.85,26.65,
663.62,1.74,2.76,4.76,15.08,17.51,32.97,26.77,
664.03,1.80,2.78,4.77,15.09,17.58,33.03,26.89,
664.44,1.77,2.82,4.76,15.08,17.59,33.08,26.92,
664.85,1.75,2.85,4.74,15.10,17.54,33.10,26.96,
665.27,1.70,2.88,4.72,15.11,17.53,33.23,26.93,
665.68,1.70,2.92,4.79,15.13,17.53,33.15,26.94,
666.09,1.68,2.88,4.76,15.14,17.57,33.25,26.81,
666.51,1.71,2.90,4.70,15.20,17.59,33.24,26.89,
666.92,1.73,2.89,4.68,15.15,17.59,33.31,27.05,
667.33,1.80,2.84,4.68,15.17,17.57,33.19,27.08,
667.75,1.77,2.89,4.62,15.14,17.53,33.09,27.04,
668.16,1.73,2.92,4.66,15.18,17.52,32.94,27.10,
668.57,1.77,2.88,4.67,15.15,17.53,32.96,27.03,
668.99,1.78,2.84,4.68,15.09,17.56,33.02,27.02,
669.40,1.79,2.81,4.66,15.13,17.58,33.11,27.07,
669.81,1.79,2.84,4.67,15.17,17.54,33.09,27.11,
670.23,1.74,2.84,4.68,15.19,17.49,33.11,27.13,
670.64,1.72,2.86,4.70,15.18,17.44,33.09,27.12,
671.05,1.70,2.88,4.74,15.18,17.46,33.08,27.02,
671.46,1.70,2.84,4.74,15.20,17.48,32.95,26.90,
671.88,1.70,2.80,4.69,15.18,17.50,33.04,26.81,
672.29,1.75,2.81,4.69,15.19,17.51,33.05,26.94,
672.70,1.80,2.78,4.68,15.18,17.51,33.03,26.92,
673.12,1.81,2.80,4.69,15.21,17.52,32.94,26.92,
673.53,1.75,2.84,4.69,15.20,17.54,32.95,26.99,
673.94,1.77,2.80,4.71,15.19,17.55,32.94,26.96,
674.35,1.79,2.76,4.70,15.17,17.57,33.14,26.88,
674.77,1.77,2.75,4.68,15.22,17.58,33.13,26.94,
675.18,1.79,2.78,4.68,15.25,17.57,33.15,26.98,
675.59,1.78,2.78,4.70,15.26,17.54,33.15,27.02,
676.01,1.76,2.79,4.71,15.30,17.53,33.16,26.98,
676.42,1.75,2.82,4.71,15.29,17.51,33.03,26.90,
676.83,1.76,2.82,4.71,15.33,17.58,32.99,26.82,
677.24,1.77,2.77,4.68,15.34,17.59,33.01,26.82,
677.66,1.80,2.79,4.63,15.32,17.60,33.17,26.92,
678.07,1.85,2.77,4.63,15.32,17.60,33.08,27.00,
678.48,1.83,2.79,4.62,15.34,17.61,33.12,26.99,
678.89,1.75,2.83,4.63,15.35,17.59,33.10,27.00,
679.31,1.75,2.84,4.64,15.29,17.54,33.12,26.91,
679.72,1.74,2.79,4.65,15.28,17.54,33.15,26.82,
680.13,1.74,2.76,4.63,15.28,17.58,33.25,26.78,
680.55,1.74,2.82,4.63,15.25,17.53,33.14,26.84,
680.96,1.75,2.82,4.64,15.21,17.48,33.12,26.77,
681.37,1.71,2.77,4.66,15.17,17.40,32.96,26.66,
681.78,1.67,2.81,4.62,15.07,17.30,32.75,26.43,
682.20,1.63,2.75,4.61,14.97,17.21,32.51,26.20,
682.61,1.62,2.68,4.55,14.81,17.10,32.36,25.98,
683.02,1.62,2.61,4.48,14.65,16.91,32.12,25.78,
683.43,1.63,2.58,4.41,14.46,16.75,31.78,25.52,
683.85,1.59,2.51,4.35,14.26,16.51,31.24,25.17,
684.26,1.49,2.47,4.26,14.03,16.23,30.75,24.85,
684.67,1.42,2.43,4.22,13.75,15.88,30.16,24.44,
685.08,1.39,2.31,4.16,13.48,15.65,29.71,23.94,
685.50,1.32,2.20,4.08,13.31,15.45,29.27,23.50,
685.91,1.31,2.18,3.98,13.09,15.21,28.91,23.25,
686.32,1.28,2.14,3.95,12.90,14.92,28.47,22.95,
686.73,1.24,2.04,3.89,12.72,14.69,28.10,22.62,
687.15,1.17,2.05,3.79,12.53,14.50,27.68,22.31,
687.56,1.14,2.06,3.74,12.43,14.42,27.41,22.14,
687.97,1.13,1.96,3.72,12.36,14.38,27.34,22.01,
688.38,1.17,1.95,3.62,12.26,14.33,27.37,21.93,
688.79,1.19,1.92,3.61,12.25,14.33,27.25,21.99,
689.21,1.20,1.95,3.61,12.24,14.34,27.28,22.05,
689.62,1.12,1.97,3.63,12.31,14.31,27.32,22.19,
690.03,1.13,2.01,3.71,12.39,14.36,27.49,22.31,
690.44,1.14,2.03,3.78,12.48,14.47,27.70,22.32,
690.86,1.15,2.01,3.80,12.62,14.64,27.98,22.40,
691.27,1.18,2.07,3.80,12.74,14.69,28.19,22.59,
691.68,1.22,2.10,3.87,12.79,14.77,28.44,22.90,
692.09,1.23,2.07,3.91,12.89,14.87,28.55,22.97,
692.50,1.22,2.13,3.87,12.93,14.97,28.66,23.07,
692.92,1.20,2.17,3.93,13.03,15.11,28.67,23.18,
693.33,1.24,2.12,3.98,13.11,15.24,28.89,23.29,
693.74,1.27,2.10,3.96,13.13,15.27,29.21,23.32,
694.15,1.32,2.11,3.97,13.18,15.35,29.24,23.52,
694.57,1.31,2.13,4.04,13.27,15.39,29.24,23.67,
694.98,1.28,2.15,4.06,13.32,15.42,29.38,23.81,
695.39,1.26,2.17,4.10,13.38,15.39,29.39,23.82,
695.80,1.28,2.19,4.17,13.40,15.44,29.46,23.74,
696.21,1.26,2.17,4.13,13.46,15.54,29.60,23.60,
696.63,1.29,2.16,4.08,13.52,15.58,29.83,23.73,
697.04,1.37,2.19,4.10,13.52,15.63,30.04,23.91,
697.45,1.45,2.16,4.11,13.57,15.73,30.11,24.00,
697.86,1.42,2.19,4.08,13.61,15.76,29.96,23.96,
698.27,1.40,2.26,4.08,13.63,15.75,29.86,24.07,
698.69,1.42,2.24,4.16,13.67,15.76,29.92,24.08,
699.10,1.45,2.19,4.12,13.61,15.79,30.16,24.14,
699.51,1.47,2.19,4.10,13.62,15.79,30.09,24.15,
699.92,1.48,2.24,4.07,13.68,15.75,30.00,24.38,
700.33,1.45,2.27,4.08,13.65,15.74,30.05,24.39,
700.75,1.43,2.29,4.08,13.67,15.68,30.10,24.33,
701.16,1.41,2.30,4.17,13.68,15.70,30.14,24.17,
701.57,1.40,2.31,4.20,13.76,15.81,30.41,24.16,
701.98,1.41,2.30,4.16,13.78,15.90,30.60,24.21,
702.39,1.45,2.30,4.18,13.74,15.92,30.68,24.45,
702.80,1.50,2.28,4.21,13.79,16.06,30.63,24.51,
703.22,1.49,2.38,4.25,13.85,16.13,30.50,24.62,
703.63,1.39,2.44,4.27,13.95,16.18,30.45,24.75,
704.04,1.45,2.47,4.35,13.95,16.23,30.55,25.00,
704.45,1.47,2.43,4.40,14.00,16.38,30.89,24.94,
704.86,1.54,2.42,4.39,14.10,16.49,30.97,25.06,
705.27,1.58,2.50,4.41,14.20,16.49,30.94,25.19,
705.69,1.61,2.53,4.50,14.25,16.50,31.10,25.38,
706.10,1.56,2.46,4.58,14.33,16.54,31.26,25.23,
706.51,1.53,2.56,4.63,14.39,16.51,31.20,25.14,
706.92,1.49,2.51,4.66,14.45,16.64,31.26,25.05,
707.33,1.52,2.51,4.60,14.49,16.73,31.43,25.10,
707.74,1.61,2.46,4.55,14.48,16.79,31.48,25.19,
708.16,1.74,2.48,4.54,14.50,16.85,31.42,25.39,
708.57,1.75,2.50,4.56,14.56,16.88,31.35,25.42,
708.98,1.66,2.57,4.57,14.54,16.83,31.25,25.65,
709.39,1.67,2.51,4.56,14.48,16.73,31.27,25.66,
709.80,1.69,2.51,4.56,14.41,16.73,31.50,25.56,
710.21,1.72,2.42,4.53,14.44,16.76,31.60,25.25,
710.63,1.74,2.50,4.46,14.45,16.66,31.54,25.36,
711.04,1.68,2.47,4.51,14.36,16.63,31.57,25.37,
711.45,1.65,2.38,4.54,14.32,16.62,31.44,25.24,
711.86,1.57,2.45,4.53,14.21,16.58,31.12,25.01,
712.27,1.53,2.47,4.51,14.12,16.50,30.71,24.80,
712.68,1.53,2.35,4.47,14.00,16.48,30.58,24.54,
713.09,1.62,2.34,4.33,13.77,16.30,30.34,24.55,
713.51,1.66,2.28,4.23,13.53,16.04,29.75,24.35,
713.92,1.57,2.30,4.15,13.30,15.81,29.10,24.09,
714.33,1.35,2.23,4.01,13.05,15.45,28.49,23.59,
714.74,1.29,2.19,3.96,12.71,14.99,27.86,23.12,
715.15,1.25,2.07,3.91,12.37,14.67,27.35,22.28,
715.56,1.13,1.97,3.80,12.22,14.41,26.81,21.61,
715.97,1.11,1.93,3.63,11.97,14.04,26.09,21.09,
716.38,1.04,1.86,3.54,11.65,13.65,25.62,20.98,
716.80,0.96,1.68,3.50,11.45,13.39,25.06,20.48,
717.21,0.86,1.76,3.40,11.19,13.06,24.28,20.09,
717.62,0.77,1.72,3.30,11.04,12.82,23.79,19.60,
718.03,0.79,1.60,3.20,10.93,12.68,23.53,19.42,
718.44,0.89,1.53,3.08,10.74,12.63,23.63,19.26,
718.85,0.93,1.51,3.03,10.68,12.51,23.34,19.29,
719.26,0.92,1.55,3.02,10.69,12.50,23.23,19.21,
719.67,0.83,1.58,3.03,10.70,12.44,23.17,19.40,
720.08,0.82,1.59,3.10,10.68,12.34,23.24,19.30,
720.50,0.85,1.58,3.24,10.72,12.38,23.36,19.31,
720.91,0.85,1.53,3.24,10.91,12.64,23.80,19.21,
721.32,0.87,1.59,3.18,11.01,12.70,24.02,19.40,
721.73,0.93,1.62,3.26,11.01,12.75,24.19,19.79,
722.14,0.99,1.58,3.34,11.06,12.87,24.24,20.01,
722.55,0.98,1.70,3.34,11.09,12.99,24.23,19.92,
722.96,0.97,1.80,3.39,11.11,12.91,24.06,19.92,
723.37,1.07,1.73,3.36,11.15,12.99,24.29,19.85,
723.78,1.16,1.74,3.33,11.05,13.06,24.60,20.00,
724.19,1.16,1.69,3.30,11.02,13.05,24.52,20.06,
724.61,1.16,1.76,3.33,11.04,12.97,24.36,20.22,
725.02,1.08,1.73,3.29,10.96,12.86,24.45,20.22,
725.43,1.00,1.67,3.34,10.93,12.70,24.32,20.07,
725.84,0.97,1.71,3.46,10.86,12.68,24.30,19.70,
726.25,0.94,1.62,3.43,10.93,12.78,24.31,19.52,
726.66,0.97,1.61,3.30,10.93,12.80,24.45,19.51,
727.07,1.04,1.67,3.37,10.88,12.78,24.42,19.87,
727.48,1.09,1.58,3.41,10.88,12.91,24.48,19.97,
727.89,1.10,1.62,3.42,10.92,13.02,24.44,20.01,
728.30,1.03,1.68,3.48,11.01,13.09,24.54,20.22,
728.71,1.01,1.68,3.55,11.11,13.17,24.71,20.52,
729.12,1.06,1.64,3.50,11.11,13.46,25.35,20.61,
729.54,1.05,1.66,3.56,11.34,13.63,25.56,20.95,
729.95,1.06,1.74,3.65,11.55,13.76,25.84,21.38,
730.36,1.06,1.81,3.70,11.66,13.85,26.18,21.81,
730.77,1.02,1.83,3.82,11.81,14.01,26.52,21.90,
731.18,1.04,2.01,4.01,12.01,14.20,26.57,22.05,
731.59,1.04,2.00,4.04,12.22,14.52,27.13,22.16,
732.00,1.14,2.00,3.97,12.46,14.81,27.67,22.53,
732.41,1.24,2.08,4.09,12.57,14.98,28.12,23.01,
732.82,1.35,2.15,4.17,12.69,15.19,28.31,23.42,
733.23,1.40,2.15,4.16,12.78,15.41,28.57,23.51,
733.64,1.34,2.32,4.28,13.01,15.51,28.50,23.94,
734.05,1.33,2.36,4.34,13.11,15.58,28.81,24.08,
734.46,1.33,2.40,4.34,13.23,15.72,29.30,24.11,
734.87,1.47,2.36,4.40,13.34,15.95,29.68,24.00,
735.28,1.52,2.46,4.45,13.50,15.96,29.55,24.33,
735.69,1.51,2.48,4.47,13.47,15.98,29.82,24.39,
736.10,1.50,2.45,4.57,13.59,15.98,29.87,24.30,
736.51,1.48,2.59,4.71,13.65,16.09,29.88,24.06,
736.93,1.47,2.63,4.74,13.80,16.20,30.09,24.13,
737.34,1.54,2.51,4.63,13.87,16.36,30.58,24.11,
737.75,1.67,2.54,4.71,13.88,16.40,30.53,24.49,
738.16,1.76,2.53,4.75,13.85,16.50,30.56,24.64,
738.57,1.73,2.57,4.76,13.94,16.51,30.46,24.82,
738.98,1.63,2.63,4.87,14.03,16.51,30.42,24.89,
739.39,1.62,2.70,4.98,14.12,16.45,30.49,25.03,
739.80,1.66,2.64,4.94,14.05,16.47,31.01,24.83,
740.21,1.81,2.60,5.02,14.13,16.67,31.15,24.83,
740.62,1.82,2.65,5.05,14.16,16.74,31.22,25.09,
741.03,1.79,2.77,5.05,14.27,16.79,31.37,25.52,
741.44,1.77,2.69,5.16,14.34,16.85,31.68,25.52,
741.85,1.76,2.85,5.25,14.39,16.91,31.58,25.58,
742.26,1.73,2.91,5.28,14.47,16.99,31.68,25.59,
742.67,1.77,2.76,5.21,14.53,17.09,31.86,25.75,
743.08,1.89,2.72,5.17,14.46,17.18,32.14,25.97,
743.49,1.96,2.78,5.25,14.48,17.22,31.83,26.29,
743.90,1.92,2.85,5.14,14.51,17.22,31.81,26.38,
744.31,1.80,2.91,5.14,14.62,17.15,31.65,26.54,
744.72,1.79,2.90,5.16,14.50,17.14,31.68,26.51,
745.13,1.76,3.05,5.20,14.48,17.18,31.79,26.40,
745.54,1.73,2.90,5.13,14.53,17.31,31.99,26.19,
745.95,1.74,3.00,5.14,14.67,17.37,31.84,26.20,
746.36,1.67,3.07,5.16,14.71,17.39,32.16,26.46,
746.77,1.69,3.03,5.19,14.80,17.26,32.07,26.45,
747.18,1.61,3.02,5.27,14.75,17.26,31.89,26.30,
747.59,1.56,3.09,5.23,14.79,17.26,31.63,26.24,
748.00,1.62,3.00,5.14,14.78,17.24,31.85,26.23,
748.41,1.71,2.92,5.05,14.80,17.30,31.94,26.26,
748.82,1.81,2.93,5.02,14.74,17.33,31.89,26.40,
749.23,1.79,2.99,5.06,14.71,17.28,31.50,26.45,
749.64,1.66,2.98,4.99,14.64,17.16,31.50,26.56,
750.05,1.66,2.99,5.13,14.59,17.08,31.39,26.35,
750.46,1.68,3.05,5.21,14.48,17.07,31.72,25.96,
750.87,1.67,3.02,5.17,14.65,17.15,31.83,25.70,
751.28,1.76,2.90,5.06,14.65,17.13,32.17,25.71,
751.69,1.82,2.98,5.19,14.64,17.03,32.08,25.97,
752.10,1.88,2.86,5.22,14.54,16.99,32.06,26.08,
752.51,1.81,2.85,5.16,14.53,16.97,31.67,25.98,
752.92,1.78,2.89,5.21,14.49,16.91,31.46,25.88,
753.33,1.89,2.87,5.21,14.49,16.81,31.31,25.73,
753.74,1.93,2.75,5.10,14.30,16.84,31.49,25.66,
754.15,2.00,2.67,5.04,14.26,16.89,31.11,25.44,
754.56,1.93,2.65,5.02,14.03,16.66,30.85,25.44,
754.96,1.80,2.66,4.95,13.89,16.33,30.09,25.03,
755.37,1.77,2.67,4.89,13.57,15.91,29.63,24.38,
755.78,1.72,2.71,4.89,13.24,15.53,28.93,23.48,
756.19,1.65,2.57,4.70,12.86,15.04,28.11,22.56,
756.60,1.54,2.34,4.38,12.40,14.44,26.80,21.66,
757.01,1.55,2.16,4.22,11.70,13.69,25.71,20.87,
757.42,1.48,1.99,3.95,11.10,12.98,23.91,19.80,
757.83,1.35,1.81,3.61,10.30,12.15,22.10,18.45,
758.24,1.08,1.74,3.36,9.66,11.31,20.12,17.16,
758.65,1.08,1.60,3.10,8.89,10.43,18.78,15.90,
759.06,1.01,1.44,2.81,8.14,9.71,17.57,14.49,
759.47,0.97,1.16,2.45,7.39,9.05,16.36,13.41,
759.88,0.88,1.07,2.27,6.87,8.27,15.01,12.34,
760.29,0.75,1.00,2.05,6.30,7.54,13.78,11.66,
760.70,0.70,0.92,1.90,5.78,6.88,12.67,10.65,
761.11,0.64,0.89,1.89,5.35,6.44,12.23,9.92,
761.52,0.49,0.81,1.76,5.24,6.25,11.83,9.18,
761.92,0.49,0.65,1.56,5.07,6.11,11.72,9.07,
762.33,0.53,0.57,1.52,5.06,6.18,11.80,9.32,
762.74,0.67,0.59,1.60,5.21,6.41,12.03,9.74,
763.15,0.59,0.71,1.57,5.51,6.73,12.14,10.33,
763.56,0.54,0.73,1.74,5.88,7.11,12.93,11.26,
763.97,0.67,0.88,1.94,6.43,7.60,14.24,12.12,
764.38,0.81,0.93,2.08,6.79,8.24,16.02,12.88,
764.79,0.93,0.95,2.30,7.41,9.03,17.32,13.78,
765.20,1.07,1.07,2.41,7.98,9.71,18.50,15.15,
765.61,1.11,1.34,2.76,8.70,10.32,19.47,16.31,
766.02,1.11,1.48,2.94,9.24,10.92,20.72,17.35,
766.43,1.09,1.72,3.28,9.79,11.57,21.80,18.18,
766.83,1.14,1.84,3.53,10.48,12.30,23.16,19.03,
767.24,1.26,1.79,3.68,11.05,12.92,24.14,19.72,
767.65,1.38,1.79,3.84,11.40,13.50,25.43,21.00,
768.06,1.52,1.86,4.01,11.94,14.11,26.14,21.70,
768.47,1.54,2.00,4.18,12.30,14.48,26.93,22.58,
768.88,1.45,2.10,4.35,12.74,14.77,27.54,23.08,
769.29,1.55,2.17,4.54,12.99,15.09,28.40,23.61,
769.70,1.60,2.32,4.70,13.22,15.42,29.10,23.65,
770.11,1.64,2.27,4.73,13.36,15.72,29.53,23.76,
770.52,1.69,2.35,4.81,13.62,15.93,29.62,24.09,
770.92,1.65,2.48,4.88,13.73,16.03,29.70,24.55,
771.33,1.57,2.46,5.03,13.93,16.07,29.88,24.43,
771.74,1.50,2.57,5.10,13.85,16.18,30.09,24.57,
772.15,1.48,2.60,5.25,14.08,16.33,30.22,24.39,
772.56,1.55,2.44,5.15,14.10,16.34,30.52,24.47,
772.97,1.63,2.36,5.03,14.06,16.53,30.77,24.50,
773.38,1.72,2.37,5.03,14.06,16.64,30.77,25.04,
773.79,1.76,2.52,5.03,14.18,16.62,30.62,25.03,
774.19,1.69,2.57,5.04,14.13,16.50,30.55,25.30,
774.60,1.73,2.66,5.06,14.09,16.45,30.54,25.12,
775.01,1.80,2.81,5.13,13.88,16.47,30.93,25.09,
775.42,1.76,2.72,5.15,13.82,16.60,30.82,24.49,
775.83,1.81,2.69,5.02,13.80,16.63,30.75,24.77,
776.24,1.77,2.73,5.17,13.81,16.61,30.46,25.09,
776.65,1.65,2.66,5.15,13.81,16.55,30.50,25.22,
777.05,1.55,2.66,5.22,13.78,16.59,30.42,25.12,
777.46,1.54,2.73,5.22,13.80,16.51,30.49,25.29,
777.87,1.56,2.57,5.10,13.88,16.47,30.74,24.99,
778.28,1.65,2.51,4.97,13.69,16.54,30.95,25.25,
778.69,1.80,2.46,4.91,13.74,16.66,30.80,25.35,
779.10,1.85,2.53,4.95,13.70,16.52,30.42,25.70,
779.50,1.66,2.49,4.90,13.72,16.31,30.08,25.45,
779.91,1.62,2.43,4.99,13.57,16.23,29.92,25.38,
780.32,1.60,2.57,5.01,13.50,16.30,30.28,25.03,
780.73,1.55,2.45,4.98,13.51,16.43,30.28,24.70,
781.14,1.53,2.33,4.85,13.63,16.50,30.10,24.50,
781.55,1.60,2.44,4.88,13.72,16.42,29.94,25.08,
781.95,1.45,2.34,4.95,13.77,16.39,29.95,24.92,
782.36,1.43,2.38,4.94,13.76,16.27,29.95,24.75,
782.77,1.37,2.43,5.01,13.86,16.26,29.82,24.72,
783.18,1.46,2.39,4.91,13.83,16.13,30.05,24.62,
783.59,1.57,2.37,4.81,13.59,16.23,30.23,24.24,
784.00,1.72,2.38,4.76,13.47,16.26,29.79,24.39,
784.40,1.69,2.39,4.79,13.53,16.22,29.39,24.35,
784.81,1.49,2.50,4.74,13.35,16.03,29.05,24.56,
785.22,1.38,2.50,4.76,13.23,15.95,28.90,24.08,
785.63,1.41,2.68,4.81,13.09,15.88,29.10,23.77,
786.04,1.34,2.73,4.77,13.21,15.96,29.13,23.30,
786.44,1.34,2.50,4.68,13.09,15.84,29.05,23.40,
786.85,1.47,2.46,4.67,13.06,15.80,28.91,23.64,
787.26,1.49,2.44,4.72,13.00,15.84,28.78,23.83,
787.67,1.37,2.36,4.60,12.90,15.70,28.57,23.50,
788.08,1.46,2.39,4.60,12.86,15.61,28.46,23.60,
788.48,1.46,2.35,4.48,12.83,15.56,28.69,23.36,
788.89,1.61,2.34,4.39,12.47,15.50,28.94,23.20,
789.30,1.66,2.22,4.36,12.44,15.56,28.58,22.91,
789.71,1.63,2.22,4.34,12.51,15.54,28.11,23.30,
790.12,1.43,2.23,4.32,12.54,15.47,27.93,23.04,
790.52,1.37,2.29,4.37,12.41,15.27,27.82,23.01,
790.93,1.38,2.30,4.51,12.43,15.27,28.21,22.45,
791.34,1.34,2.34,4.52,12.58,15.31,28.32,22.35,
791.75,1.33,2.12,4.40,12.66,15.36,28.34,22.29,
792.15,1.52,1.96,4.42,12.61,15.27,28.36,22.75,
792.56,1.60,1.93,4.44,12.69,15.42,28.21,22.68,
792.97,1.51,1.98,4.39,12.68,15.28,27.98,22.79,
793.38,1.37,1.99,4.41,12.72,15.02,28.02,22.92,
793.78,1.45,2.06,4.53,12.71,14.94,28.28,23.00,
794.19,1.52,2.20,4.36,12.51,14.97,28.60,22.74,
794.60,1.54,2.11,4.31,12.55,15.18,28.42,22.44,
795.01,1.49,2.08,4.30,12.69,15.30,28.13,22.46,
795.42,1.43,2.14,4.25,12.76,15.18,28.03,22.86,
795.82,1.33,2.06,4.37,12.78,15.02,28.15,22.54,
796.23,1.25,2.21,4.51,12.73,15.03,28.39,22.64,
796.64,1.22,2.21,4.45,12.90,15.11,28.55,22.32,
797.05,1.17,2.04,4.38,12.79,15.06,28.54,22.41,
797.45,1.27,1.89,4.37,12.65,15.13,28.73,22.47,
797.86,1.45,1.92,4.41,12.57,15.17,28.49,22.78,
798.27,1.30,2.00,4.36,12.57,15.16,28.34,22.77,
798.67,1.14,2.10,4.38,12.52,15.00,27.83,22.97,
799.08,1.16,2.13,4.42,12.42,14.97,27.99,22.66,
799.49,1.21,2.25,4.35,12.26,15.02,28.27,22.31,
799.90,1.27,2.13,4.33,12.23,15.18,28.06,22.02,
800.30,1.24,2.03,4.35,12.32,15.20,27.68,22.28,
800.71,1.24,2.06,4.39,12.32,15.12,27.48,22.75,
801.12,1.17,2.01,4.45,12.35,14.93,27.38,22.90,
801.53,1.12,2.06,4.56,12.25,14.90,27.57,22.68,
801.93,1.07,2.16,4.47,12.37,14.90,27.62,22.64,
802.34,1.13,1.98,4.31,12.50,14.84,27.73,22.56,
802.75,1.27,1.93,4.42,12.40,14.89,27.66,22.83,
803.15,1.50,1.84,4.40,12.49,15.01,27.62,22.96,
803.56,1.46,1.92,4.35,12.50,14.94,27.39,23.27,
803.97,1.32,1.99,4.41,12.55,14.88,27.29,23.19,
804.38,1.31,2.08,4.42,12.45,14.87,27.16,23.19,
804.78,1.43,2.22,4.38,12.34,14.95,27.73,22.76,
805.19,1.36,2.21,4.37,12.51,15.09,27.68,22.63,
805.60,1.41,2.15,4.34,12.55,15.09,27.59,22.73,
806.00,1.38,2.18,4.31,12.55,15.08,27.37,22.99,
806.41,1.31,2.06,4.33,12.56,15.01,27.46,22.76,
806.82,1.27,2.17,4.39,12.49,14.93,27.51,22.63,
807.22,1.16,2.18,4.34,12.47,14.95,27.52,22.27,
807.63,1.25,2.13,4.28,12.38,14.81,27.37,22.10,
808.04,1.39,2.00,4.31,12.19,14.76,27.55,21.96,
808.44,1.42,2.01,4.23,12.06,14.78,27.01,21.95,
808.85,1.35,1.92,4.06,11.94,14.59,26.72,21.92,
809.26,1.19,2.01,3.98,11.87,14.32,26.25,21.71,
809.67,1.07,1.98,3.98,11.71,14.08,26.08,21.27,
810.07,1.06,1.99,3.87,11.46,13.86,26.09,20.77,
810.48,0.93,1.84,3.79,11.35,13.72,25.80,20.15,
810.89,0.87,1.64,3.68,11.24,13.49,25.21,19.90,
811.29,0.92,1.46,3.65,10.94,13.17,24.61,19.80,
811.70,0.94,1.31,3.59,10.83,13.01,24.14,19.44,
812.11,0.86,1.25,3.53,10.64,12.61,23.77,18.88,
812.51,0.86,1.28,3.44,10.46,12.28,23.19,18.55,
812.92,0.84,1.18,3.26,10.25,11.93,23.00,18.10,
813.32,0.99,1.25,3.11,9.97,11.71,22.54,17.70,
813.73,0.98,1.08,3.01,9.77,11.58,22.01,17.46,
814.14,1.00,1.11,2.89,9.62,11.34,21.04,17.41,
814.54,0.92,1.11,2.84,9.40,11.09,20.68,17.20,
814.95,0.81,1.22,2.83,9.16,10.81,20.27,16.85,
815.36,0.76,1.27,2.78,8.91,10.72,20.32,16.36,
815.76,0.76,1.26,2.71,8.86,10.69,20.16,15.89,
816.17,0.74,1.13,2.59,8.85,10.63,19.95,15.83,
816.58,0.88,1.09,2.65,8.85,10.53,19.54,16.13,
816.98,1.01,0.99,2.70,8.87,10.52,19.70,16.16,
817.39,0.97,1.12,2.73,8.86,10.53,19.60,16.21,
817.79,0.82,1.17,2.79,8.88,10.41,19.46,16.41,
818.20,0.85,1.23,2.79,8.91,10.44,19.55,16.47,
818.61,0.89,1.25,2.73,8.78,10.54,20.06,16.31,
819.01,0.94,1.21,2.72,8.81,10.70,19.76,16.48,
819.42,0.86,1.15,2.67,8.89,10.75,19.66,16.66,
819.83,0.86,1.23,2.69,8.93,10.78,19.56,16.80,
820.23,0.76,1.14,2.73,8.88,10.78,19.89,16.56,
820.64,0.69,1.22,2.83,8.93,10.77,20.11,16.44,
821.04,0.77,1.16,2.83,9.06,10.93,20.36,16.14,
821.45,0.75,1.10,2.87,9.18,10.97,20.28,16.30,
821.86,0.87,1.03,2.97,9.25,11.11,20.37,16.70,
822.26,0.96,1.01,3.06,9.33,11.27,20.36,16.93,
822.67,0.88,1.09,3.06,9.28,11.27,20.77,16.96,
823.07,0.72,1.26,3.12,9.39,11.22,20.55,17.19,
823.48,0.77,1.32,3.09,9.38,11.24,20.97,17.24,
823.89,0.87,1.47,3.04,9.38,11.31,21.26,17.08,
824.29,0.82,1.36,3.03,9.39,11.47,21.35,16.97,
824.70,0.86,1.35,3.08,9.48,11.55,21.08,17.23,
825.10,0.84,1.31,3.08,9.43,11.54,21.10,17.31,
825.51,0.84,1.28,3.22,9.52,11.48,21.10,17.29,
825.91,0.75,1.39,3.26,9.49,11.49,21.68,17.29,
826.32,0.73,1.43,3.19,9.61,11.59,21.69,17.37,
826.73,0.71,1.32,3.16,9.62,11.65,21.89,17.42,
827.13,0.76,1.30,3.20,9.68,11.69,21.76,17.72,
827.54,0.92,1.25,3.23,9.64,11.80,21.88,17.94,
827.94,0.88,1.28,3.17,9.66,11.73,21.79,17.99,
828.35,0.80,1.32,3.21,9.69,11.60,21.79,18.20,
828.75,0.76,1.41,3.23,9.75,11.62,21.78,18.09,
829.16,0.82,1.47,3.15,9.61,11.65,22.34,17.94,
829.57,0.74,1.43,3.14,9.69,11.75,22.10,17.75,
829.97,0.75,1.36,3.18,9.76,11.83,22.06,17.89,
830.38,0.85,1.34,3.13,9.78,11.83,21.97,18.30,
830.78,0.75,1.27,3.22,9.86,11.80,22.17,18.31,
831.19,0.75,1.40,3.37,9.99,11.93,22.47,18.38,
831.59,0.73,1.45,3.37,10.07,11.99,22.77,18.42,
832.00,0.82,1.37,3.37,10.22,12.07,22.88,18.47,
832.40,0.91,1.46,3.50,10.28,12.21,23.12,18.76,
832.81,1.05,1.44,3.56,10.44,12.43,23.06,18.96,
833.21,1.03,1.49,3.56,10.49,12.51,23.30,19.22,
833.62,0.98,1.60,3.62,10.66,12.47,23.35,19.44,
834.02,0.96,1.68,3.70,10.68,12.53,23.68,19.56,
834.43,0.95,1.75,3.64,10.68,12.63,24.04,19.43,
834.83,0.96,1.68,3.64,10.76,12.76,24.33,19.47,
835.24,0.98,1.62,3.71,10.93,12.90,24.21,19.63,
835.64,1.08,1.56,3.77,10.96,13.00,24.45,20.20,
836.05,1.06,1.50,3.87,11.03,13.11,24.61,20.12,
836.45,1.07,1.66,4.05,11.11,13.22,25.10,20.24,
836.86,1.05,1.74,4.07,11.22,13.32,25.16,20.31,
837.26,1.09,1.78,4.04,11.29,13.32,25.46,20.45,
837.67,1.10,1.88,4.07,11.39,13.49,25.65,20.62,
838.07,1.20,1.91,4.10,11.38,13.65,25.67,20.88,
838.48,1.24,1.88,4.08,11.41,13.67,25.52,20.98,
838.88,1.18,1.93,4.10,11.46,13.62,25.74,21.11,
839.29,1.17,1.95,4.15,11.43,13.63,25.78,21.05,
839.69,1.14,2.02,4.15,11.30,13.71,26.16,20.94,
840.10,1.16,2.02,4.15,11.42,13.85,26.22,20.66,
840.50,1.22,2.00,4.17,11.48,13.92,26.24,20.80,
840.91,1.26,1.99,4.24,11.48,13.96,26.03,21.04,
841.31,1.31,1.94,4.27,11.51,14.04,26.21,20.96,
841.72,1.26,2.04,4.37,11.57,14.06,26.25,20.90,
842.12,1.26,2.14,4.35,11.61,14.03,26.31,21.09,
842.53,1.28,2.15,4.30,11.67,14.03,26.11,20.98,
842.93,1.36,2.24,4.26,11.66,14.12,26.31,21.05,
843.34,1.47,2.15,4.24,11.67,14.24,26.07,21.11,
843.74,1.57,2.10,4.27,11.60,14.24,26.03,21.26,
844.15,1.51,2.11,4.24,11.67,14.17,25.97,21.22,
844.55,1.46,2.16,4.28,11.62,14.13,26.17,21.22,
844.95,1.44,2.21,4.32,11.57,14.16,26.31,21.02,
845.36,1.41,2.20,4.28,11.66,14.17,26.51,20.87,
845.76,1.37,2.14,4.22,11.77,14.16,26.19,20.85,
846.17,1.40,2.09,4.25,11.67,14.13,25.96,21.19,
846.57,1.47,2.01,4.27,11.66,14.21,25.89,21.07,
846.98,1.41,2.06,4.30,11.64,14.13,25.91,21.01,
847.38,1.32,2.12,4.29,11.60,14.07,25.72,21.08,
847.79,1.37,2.13,4.25,11.51,13.96,25.85,21.03,
848.19,1.39,2.15,4.18,11.49,13.90,25.88,20.74,
848.59,1.39,2.13,4.15,11.43,13.90,25.68,20.93,
849.00,1.37,2.04,4.16,11.40,13.87,25.42,20.89,
849.40,1.30,2.05,4.15,11.32,13.75,25.42,20.94,
849.81,1.19,2.00,4.13,11.24,13.61,25.26,20.69,
850.21,1.10,2.09,4.17,11.12,13.57,25.34,20.63,
850.61,1.11,2.01,4.11,11.15,13.56,25.10,20.24,
851.02,1.09,1.94,4.04,11.14,13.51,24.81,20.24,
851.42,1.15,1.87,4.06,11.05,13.47,24.29,20.32,
851.83,1.23,1.84,4.13,10.95,13.48,24.27,20.29,
852.23,1.20,1.78,4.13,10.90,13.42,24.31,20.11,
852.63,1.10,1.86,4.14,10.92,13.27,24.13,20.17,
853.04,1.22,1.85,4.08,10.94,13.20,24.10,20.06,
853.44,1.21,1.90,4.03,10.93,13.18,24.33,20.00,
853.85,1.17,1.83,3.96,11.01,13.25,24.15,20.06,
854.25,1.18,1.81,3.99,10.97,13.28,24.04,20.26,
854.65,1.18,1.75,3.99,10.98,13.29,24.09,20.32,
855.06,1.08,1.72,4.01,10.97,13.24,24.18,20.35,
855.46,1.05,1.74,4.12,11.03,13.31,24.31,20.18,
855.86,1.05,1.81,4.07,11.13,13.41,24.43,20.12,
856.27,1.10,1.75,4.00,11.25,13.43,24.41,20.11,
856.67,1.12,1.88,4.05,11.26,13.52,24.46,20.45,
857.08,1.25,1.83,4.09,11.30,13.62,24.62,20.49,
857.48,1.23,1.85,4.08,11.33,13.67,24.89,20.64,
857.88,1.18,1.91,4.12,11.41,13.62,24.93,20.72,
858.29,1.17,2.05,4.12,11.46,13.64,25.18,20.83,
858.69,1.20,2.06,4.08,11.45,13.74,25.55,20.71,
859.09,1.11,2.08,4.07,11.51,13.87,25.51,20.71,
859.50,1.12,1.96,4.07,11.47,13.90,25.28,20.77,
859.90,1.13,1.95,4.11,11.42,13.94,25.24,20.87,
860.30,1.09,1.86,4.16,11.43,13.94,25.20,20.62,
860.71,1.01,1.90,4.22,11.43,13.92,25.40,20.53,
861.11,1.02,1.92,4.19,11.44,13.88,25.40,20.27,
861.51,1.07,1.95,4.08,11.42,13.81,25.35,20.27,
861.92,1.13,1.95,4.12,11.37,13.78,25.11,20.32,
862.32,1.16,1.95,4.16,11.27,13.77,25.06,20.38,
862.72,1.18,1.82,4.09,11.20,13.69,24.97,20.30,
863.13,1.08,1.90,4.12,11.17,13.57,24.69,20.27,
863.53,1.06,1.93,4.12,11.07,13.46,24.63,20.25,
863.93,1.04,1.98,4.03,10.99,13.43,24.77,20.10,
864.34,1.06,1.89,3.99,10.99,13.46,24.47,19.81,
864.74,1.02,1.88,3.98,10.97,13.39,24.16,19.90,
865.14,1.08,1.79,3.97,10.88,13.37,24.06,19.96,
865.54,1.12,1.80,4.01,10.92,13.37,24.13,19.83,
865.95,1.12,1.81,4.06,10.94,13.28,24.22,19.58,
866.35,1.10,1.86,4.02,10.98,13.23,24.28,19.62,
866.75,1.17,1.87,3.95,10.98,13.18,24.29,19.49,
867.16,1.23,1.97,3.97,11.00,13.23,24.15,19.63,
867.56,1.25,1.88,4.00,10.98,13.32,24.15,19.73,
867.96,1.24,1.85,3.94,10.98,13.32,24.20,19.85,
868.36,1.20,1.83,4.00,11.02,13.32,24.14,19.92,
868.77,1.18,1.88,4.01,11.01,13.30,24.34,19.95,
869.17,1.19,1.87,3.99,10.97,13.36,24.75,19.88,
869.57,1.14,1.88,3.97,11.13,13.41,24.84,19.74,
869.98,1.17,1.80,4.00,11.16,13.48,24.71,19.84,
870.38,1.19,1.77,4.00,11.11,13.49,24.71,20.08,
870.78,1.31,1.67,4.06,11.15,13.55,24.78,19.96,
871.18,1.22,1.72,4.14,11.15,13.51,24.85,19.94,
871.59,1.17,1.74,4.15,11.13,13.42,24.79,19.95,
871.99,1.20,1.82,4.08,11.11,13.39,24.79,20.02,
872.39,1.24,1.82,4.08,11.08,13.39,24.87,20.05,
872.79,1.25,1.77,4.09,11.00,13.44,24.68,20.18,
873.20,1.25,1.66,4.04,10.95,13.41,24.70,20.27,
873.60,1.21,1.65,4.01,10.96,13.34,24.62,20.26,
874.00,1.15,1.63,4.08,10.91,13.29,24.79,20.20,
874.40,1.10,1.66,4.01,10.87,13.28,24.98,20.06,
874.80,1.08,1.62,4.00,10.92,13.28,24.98,19.78,
875.21,1.03,1.61,3.95,10.95,13.26,24.77,19.82,
875.61,1.06,1.55,3.96,10.85,13.29,24.62,19.99,
876.01,1.12,1.50,4.01,10.85,13.30,24.58,19.91,
876.41,1.12,1.48,4.07,10.83,13.24,24.68,19.85,
876.82,0.99,1.57,4.03,10.84,13.15,24.52,19.82,
877.22,1.06,1.61,3.97,10.84,13.09,24.60,19.77,
877.62,1.05,1.66,3.90,10.84,13.08,24.57,19.70,
878.02,1.05,1.59,3.91,10.77,13.18,24.43,19.76,
878.42,1.03,1.56,3.87,10.75,13.19,24.18,19.88,
878.82,1.01,1.54,3.85,10.70,13.14,24.16,19.88,
879.23,0.93,1.54,3.88,10.72,13.12,24.12,19.77,
879.63,0.88,1.58,3.88,10.67,13.11,24.14,19.55,
880.03,0.84,1.59,3.84,10.75,13.13,24.10,19.36,
880.43,0.84,1.56,3.87,10.76,13.15,23.98,19.28,
880.83,0.87,1.51,3.88,10.73,13.17,23.75,19.53,
881.24,0.97,1.46,3.94,10.71,13.21,23.69,19.56,
881.64,0.98,1.46,3.91,10.70,13.16,23.74,19.48,
882.04,0.89,1.51,3.89,10.72,13.06,23.77,19.56,
882.44,0.83,1.56,3.79,10.70,12.95,23.74,19.51,
882.84,0.86,1.57,3.76,10.59,12.94,24.00,19.40,
883.24,0.82,1.55,3.71,10.59,13.00,23.74,19.42,
883.65,0.82,1.48,3.75,10.51,13.01,23.68,19.45,
884.05,0.82,1.47,3.70,10.51,12.94,23.55,19.39,
884.45,0.80,1.38,3.74,10.45,12.90,23.56,19.23,
884.85,0.73,1.44,3.75,10.44,12.89,23.61,19.08,
885.25,0.72,1.46,3.72,10.43,12.81,23.69,18.93,
885.65,0.77,1.44,3.67,10.44,12.78,23.51,18.97,
886.05,0.83,1.47,3.68,10.33,12.81,23.32,19.18,
886.46,0.91,1.44,3.66,10.29,12.77,23.28,19.20,
886.86,0.91,1.48,3.65,10.26,12.68,23.32,19.09,
887.26,0.83,1.55,3.63,10.29,12.58,23.20,19.05,
887.66,0.82,1.58,3.61,10.20,12.50,23.27,18.95,
888.06,0.83,1.61,3.54,10.11,12.48,23.28,18.72,
888.46,0.80,1.55,3.52,10.12,12.53,23.13,18.71,
888.86,0.82,1.52,3.54,10.11,12.48,22.85,18.73,
889.26,0.86,1.46,3.51,10.00,12.42,22.76,18.67,
889.66,0.83,1.39,3.47,10.02,12.34,22.62,18.46,
890.07,0.77,1.41,3.48,9.94,12.26,22.64,18.28,
890.47,0.75,1.45,3.41,9.91,12.17,22.54,17.99,
890.87,0.80,1.40,3.36,9.84,11.98,22.31,17.82,
891.27,0.83,1.40,3.33,9.74,11.90,21.87,17.73,
891.67,0.85,1.35,3.29,9.59,11.82,21.71,17.65,
892.07,0.80,1.27,3.19,9.45,11.59,21.43,17.33,
892.47,0.73,1.25,3.13,9.29,11.35,21.09,17.10,
892.87,0.64,1.24,3.04,9.06,11.10,20.75,16.82,
893.27,0.62,1.18,2.94,8.81,10.90,20.62,16.49,
893.67,0.56,1.14,2.88,8.71,10.70,20.05,15.96,
894.07,0.51,1.06,2.82,8.53,10.46,19.49,15.73,
894.47,0.54,0.99,2.71,8.27,10.24,18.94,15.46,
894.87,0.53,0.87,2.64,8.06,10.01,18.55,15.04,
895.27,0.47,0.91,2.59,7.88,9.73,18.24,14.59,
895.67,0.40,0.92,2.54,7.66,9.46,17.86,14.17,
896.08,0.43,0.91,2.45,7.46,9.17,17.41,13.75,
896.48,0.42,0.90,2.39,7.23,8.90,16.93,13.53,
896.88,0.44,0.84,2.31,7.04,8.74,16.48,13.23,
897.28,0.43,0.77,2.24,6.84,8.51,16.16,13.02,
897.68,0.36,0.78,2.17,6.72,8.30,15.74,12.72,
898.08,0.33,0.77,2.15,6.60,8.13,15.61,12.55,
898.48,0.32,0.80,2.08,6.48,8.00,15.47,12.18,
898.88,0.33,0.74,2.05,6.48,7.93,15.27,11.91,
899.28,0.36,0.71,2.04,6.47,7.91,14.93,11.79,
899.68,0.40,0.67,2.03,6.40,7.87,14.83,12.01,
900.08,0.47,0.63,2.02,6.44,7.91,14.77,11.89,
900.48,0.42,0.65,2.08,6.44,7.89,15.02,11.91,
900.88,0.37,0.70,2.09,6.51,7.90,15.16,11.94,
901.28,0.43,0.70,2.10,6.57,7.94,15.27,12.10,
901.68,0.45,0.74,2.15,6.69,8.04,15.38,12.31,
902.08,0.42,0.71,2.16,6.78,8.21,15.61,12.64,
902.48,0.46,0.69,2.13,6.84,8.31,15.69,12.78,
902.88,0.41,0.67,2.18,6.90,8.38,15.83,13.04,
903.28,0.35,0.64,2.20,6.95,8.44,16.01,13.05,
903.68,0.34,0.67,2.23,6.92,8.48,16.32,13.09,
904.08,0.34,0.64,2.25,7.01,8.51,16.23,12.84,
904.48,0.34,0.60,2.24,7.03,8.55,16.17,12.93,
904.88,0.38,0.57,2.24,6.95,8.55,15.99,13.06,
905.28,0.41,0.55,2.24,6.90,8.51,15.98,13.01,
905.68,0.41,0.55,2.26,6.82,8.43,15.88,12.84,
906.07,0.33,0.62,2.22,6.76,8.27,15.84,12.88,
906.47,0.37,0.65,2.15,6.70,8.13,15.68,12.74,
906.87,0.38,0.67,2.10,6.60,8.05,15.62,12.64,
907.27,0.35,0.63,2.02,6.50,7.98,15.33,12.50,
907.67,0.34,0.60,1.93,6.34,7.84,15.09,12.46,
908.07,0.35,0.56,1.89,6.25,7.70,14.73,12.27,
908.47,0.30,0.53,1.89,6.16,7.56,14.73,12.13,
908.87,0.26,0.59,1.84,6.07,7.47,14.68,11.82,
909.27,0.23,0.63,1.77,6.04,7.34,14.67,11.61,
909.67,0.26,0.59,1.74,6.02,7.30,14.36,11.46,
910.07,0.29,0.63,1.71,5.93,7.26,14.30,11.64,
910.47,0.35,0.57,1.70,5.88,7.26,14.21,11.53,
910.87,0.34,0.59,1.71,5.83,7.21,14.37,11.47,
911.27,0.29,0.64,1.71,5.85,7.14,14.23,11.51,
911.66,0.25,0.69,1.65,5.82,7.03,14.30,11.48,
912.06,0.27,0.69,1.62,5.82,7.04,14.32,11.33,
912.46,0.20,0.64,1.60,5.80,7.09,14.16,11.32,
912.86,0.21,0.58,1.59,5.80,7.04,13.84,11.28,
913.26,0.24,0.58,1.56,5.74,7.02,13.80,11.30,
913.66,0.22,0.47,1.59,5.74,7.00,13.74,11.14,
914.06,0.20,0.53,1.60,5.68,6.97,13.92,11.09,
914.46,0.20,0.55,1.58,5.73,6.97,13.84,10.91,
914.85,0.24,0.54,1.56,5.75,7.01,13.84,10.93,
915.25,0.31,0.57,1.62,5.75,7.08,13.69,11.05,
915.65,0.34,0.55,1.67,5.73,7.16,13.83,11.18,
916.05,0.34,0.51,1.70,5.77,7.18,13.85,11.22,
916.45,0.28,0.58,1.75,5.87,7.16,13.96,11.45,
916.85,0.27,0.63,1.79,5.98,7.22,14.09,11.56,
917.25,0.27,0.65,1.76,6.00,7.28,14.50,11.59,
917.64,0.29,0.63,1.79,6.14,7.47,14.49,11.75,
918.04,0.30,0.62,1.88,6.18,7.59,14.57,11.95,
918.44,0.39,0.63,1.94,6.27,7.69,14.69,12.04,
918.84,0.44,0.63,1.98,6.32,7.81,15.02,12.17,
919.24,0.41,0.66,2.06,6.43,7.91,15.24,12.19,
919.64,0.38,0.71,2.09,6.54,7.97,15.51,12.20,
920.03,0.43,0.70,2.09,6.63,8.03,15.48,12.21,
920.43,0.46,0.76,2.18,6.69,8.15,15.52,12.48,
920.83,0.50,0.70,2.23,6.73,8.21,15.55,12.58,
921.23,0.50,0.67,2.20,6.70,8.19,15.65,12.66,
921.63,0.45,0.69,2.18,6.80,8.16,15.59,12.65,
922.02,0.41,0.74,2.15,6.74,8.11,15.78,12.62,
922.42,0.41,0.71,2.09,6.70,8.10,15.92,12.41,
922.82,0.38,0.69,2.06,6.69,8.13,15.77,12.32,
923.22,0.34,0.66,2.07,6.68,8.09,15.50,12.26,
923.62,0.36,0.62,2.02,6.54,8.05,15.42,12.18,
924.01,0.41,0.56,2.00,6.51,7.99,15.23,11.90,
924.41,0.34,0.60,1.98,6.42,7.88,15.22,11.74,
924.81,0.29,0.62,1.95,6.37,7.73,14.98,11.52,
925.21,0.30,0.65,1.86,6.27,7.57,14.69,11.33,
925.60,0.36,0.67,1.82,6.12,7.47,14.28,11.23,
926.00,0.33,0.64,1.78,5.91,7.30,14.06,11.16,
926.40,0.34,0.59,1.65,5.72,7.07,13.70,10.84,
926.80,0.30,0.59,1.60,5.53,6.81,13.27,10.56,
927.19,0.20,0.57,1.56,5.33,6.56,12.89,10.18,
927.59,0.17,0.58,1.42,5.02,6.28,12.63,9.70,
927.99,0.16,0.51,1.33,4.92,6.04,11.91,9.16,
928.39,0.13,0.48,1.27,4.70,5.77,11.19,8.82,
928.78,0.14,0.41,1.18,4.39,5.48,10.50,8.40,
929.18,0.21,0.32,1.10,4.10,5.19,9.86,7.91,
929.58,0.18,0.27,1.08,3.87,4.80,9.35,7.39,
929.98,0.09,0.30,0.97,3.57,4.44,8.83,7.04,
930.37,0.12,0.24,0.86,3.32,4.09,8.21,6.51,
930.77,0.09,0.25,0.78,3.03,3.81,7.55,6.04,
931.17,0.02,0.17,0.70,2.77,3.58,7.05,5.69,
931.56,-0.01,0.12,0.61,2.54,3.26,6.53,5.31,
931.96,0.01,0.05,0.55,2.42,3.00,5.99,4.77,
932.36,-0.08,0.03,0.51,2.19,2.74,5.67,4.42,
932.75,-0.11,0.06,0.44,2.02,2.56,5.47,3.99,
933.15,-0.11,0.02,0.39,1.98,2.39,5.03,3.51,
933.55,-0.09,-0.03,0.39,1.89,2.26,4.53,3.38,
933.94,-0.07,0.00,0.36,1.72,2.18,4.30,3.39,
934.34,0.04,-0.07,0.37,1.68,2.10,4.11,3.16,
934.74,0.03,-0.03,0.43,1.61,1.98,4.14,3.02,
935.13,-0.04,0.04,0.43,1.63,1.88,4.14,3.06,
935.53,-0.05,0.12,0.39,1.66,1.86,4.13,3.00,
935.93,-0.04,0.10,0.40,1.72,1.88,4.06,2.95,
936.32,-0.06,0.11,0.43,1.74,1.97,4.09,3.10,
936.72,-0.04,0.09,0.43,1.80,2.01,4.20,3.23,
937.12,-0.01,0.10,0.48,1.84,2.05,4.20,3.38,
937.51,-0.03,0.02,0.49,1.91,2.11,4.50,3.44,
937.91,-0.06,0.12,0.50,1.89,2.18,4.78,3.57,
938.31,-0.01,0.10,0.52,2.05,2.29,4.89,3.57,
938.70,0.03,0.05,0.53,2.11,2.38,4.98,3.73,
939.10,0.07,0.10,0.57,2.12,2.49,5.05,4.09,
939.49,0.11,0.08,0.61,2.18,2.61,5.28,4.12,
939.89,0.14,0.02,0.60,2.19,2.63,5.48,4.23,
940.29,0.04,0.08,0.62,2.22,2.61,5.63,4.34,
940.68,0.03,0.11,0.53,2.24,2.65,5.66,4.42,
941.08,0.05,0.11,0.54,2.21,2.65,5.78,4.39,
941.47,0.05,0.02,0.52,2.20,2.71,5.73,4.53,
941.87,0.02,0.03,0.54,2.15,2.76,5.67,4.58,
942.27,0.02,-0.01,0.51,2.11,2.72,5.64,4.63,
942.66,0.01,-0.09,0.46,2.06,2.61,5.66,4.53,
943.06,0.05,-0.08,0.49,2.00,2.60,5.85,4.37,
943.45,0.02,-0.02,0.48,2.02,2.55,5.75,4.12,
943.85,0.06,-0.05,0.44,2.07,2.52,5.53,4.16,
944.24,0.05,0.03,0.43,2.03,2.55,5.44,4.28,
944.64,0.01,0.02,0.43,1.99,2.55,5.39,4.25,
945.04,0.06,0.01,0.44,1.96,2.49,5.47,4.28,
945.43,0.00,0.01,0.42,2.02,2.43,5.52,4.51,
945.83,-0.05,0.07,0.42,2.02,2.40,5.55,4.47,
946.22,-0.02,0.09,0.41,2.02,2.42,5.74,4.38,
946.62,-0.03,0.08,0.45,2.09,2.49,5.61,4.43,
947.01,-0.02,0.08,0.44,2.12,2.55,5.54,4.53,
947.41,0.00,0.10,0.46,2.12,2.57,5.47,4.55,
947.80,0.01,0.02,0.44,2.17,2.53,5.63,4.51,
948.20,0.05,0.06,0.50,2.17,2.58,5.78,4.46,
948.59,0.02,0.13,0.52,2.23,2.61,5.91,4.42,
948.99,0.02,0.17,0.49,2.33,2.61,5.77,4.43,
949.38,0.07,0.19,0.54,2.34,2.72,5.75,4.67,
949.78,0.05,0.19,0.59,2.34,2.85,5.87,4.74,
950.17,0.09,0.14,0.59,2.34,2.82,6.00,4.87,
950.57,0.10,0.11,0.60,2.39,2.76,5.98,4.89,
950.96,0.07,0.13,0.62,2.41,2.77,6.08,4.98,
951.36,0.06,0.18,0.63,2.41,2.79,6.17,4.83,
951.75,0.04,0.12,0.62,2.48,2.87,6.18,4.79,
952.15,0.04,0.10,0.64,2.44,2.91,5.97,4.83,
952.54,0.10,0.09,0.61,2.37,2.94,6.04,4.99,
952.94,0.10,0.02,0.61,2.41,2.93,6.14,4.89,
953.33,0.10,0.01,0.63,2.40,2.94,6.42,4.85,
953.73,0.08,0.10,0.68,2.43,2.98,6.55,4.70,
954.12,0.10,0.11,0.65,2.53,3.02,6.64,4.80,
954.51,0.09,0.11,0.67,2.56,3.14,6.54,4.90,
954.91,0.08,0.09,0.70,2.55,3.24,6.66,5.13,
955.30,0.09,0.08,0.64,2.53,3.25,6.67,5.15,
955.70,0.09,0.05,0.63,2.58,3.21,6.80,5.25,
956.09,0.04,0.02,0.66,2.60,3.24,6.84,5.23,
956.49,0.04,0.06,0.67,2.57,3.30,7.12,5.28,
956.88,0.04,0.08,0.67,2.70,3.42,7.07,5.18,
957.27,0.05,0.00,0.67,2.68,3.48,7.08,5.38,
957.67,0.09,0.06,0.69,2.66,3.53,7.09,5.56,
958.06,0.10,0.04,0.70,2.74,3.59,7.23,5.60,
958.46,0.09,0.06,0.78,2.83,3.65,7.51,5.61,
958.85,0.06,0.14,0.83,2.88,3.69,7.71,5.71,
959.24,0.10,0.20,0.83,3.00,3.75,7.73,5.78,
959.64,0.10,0.20,0.83,3.07,3.85,7.72,6.15,
960.03,0.09,0.19,0.83,3.08,3.95,7.84,6.41,
960.42,0.09,0.19,0.83,3.10,3.97,8.11,6.65,
960.82,0.09,0.19,0.85,3.22,4.00,8.11,6.72,
961.21,0.03,0.16,0.90,3.27,4.01,8.50,6.96,
961.61,0.05,0.23,0.92,3.30,4.08,8.73,6.95,
962.00,0.08,0.29,0.94,3.45,4.20,8.86,7.00,
962.39,0.11,0.29,0.95,3.57,4.32,8.77,7.16,
962.79,0.08,0.34,1.00,3.54,4.38,8.96,7.48,
963.18,0.16,0.35,1.06,3.63,4.55,9.08,7.43,
963.57,0.13,0.30,1.09,3.68,4.62,9.41,7.55,
963.97,0.14,0.38,1.12,3.79,4.72,9.65,7.71,
964.36,0.15,0.40,1.11,3.90,4.78,9.81,7.84,
964.75,0.17,0.43,1.09,4.01,4.95,9.81,8.08,
965.15,0.13,0.39,1.13,4.08,5.15,10.06,8.50,
965.54,0.15,0.40,1.17,4.17,5.32,10.30,8.65,
965.93,0.15,0.36,1.21,4.31,5.44,10.48,8.75,
966.32,0.17,0.31,1.26,4.45,5.58,10.71,8.88,
966.72,0.15,0.33,1.28,4.49,5.73,11.31,9.11,
967.11,0.19,0.36,1.28,4.71,5.95,11.36,9.13,
967.50,0.20,0.37,1.32,4.85,6.13,11.52,9.40,
967.90,0.21,0.41,1.38,4.90,6.32,11.68,9.67,
968.29,0.20,0.40,1.41,5.00,6.47,11.99,9.82,
968.68,0.29,0.36,1.43,5.16,6.60,12.34,9.85,
969.07,0.19,0.34,1.44,5.27,6.67,12.67,10.17,
969.47,0.18,0.38,1.47,5.43,6.70,12.80,10.25,
969.86,0.12,0.41,1.51,5.53,6.80,12.91,10.37,
970.25,0.10,0.39,1.51,5.57,6.93,12.93,10.51,
970.64,0.09,0.37,1.57,5.55,6.95,13.13,10.61,
971.04,0.13,0.39,1.56,5.59,6.91,13.01,10.57,
971.43,0.12,0.33,1.56,5.56,6.85,13.14,10.64,
971.82,0.17,0.34,1.59,5.53,6.82,13.38,10.50,
972.21,0.15,0.42,1.61,5.52,6.81,13.27,10.30,
972.61,0.20,0.44,1.64,5.56,6.81,12.90,10.22,
973.00,0.18,0.48,1.63,5.46,6.78,12.85,10.35,
973.39,0.17,0.42,1.63,5.42,6.76,12.82,10.20,
973.78,0.18,0.39,1.62,5.41,6.67,12.89,10.30,
974.17,0.16,0.39,1.58,5.42,6.64,12.78,10.38,
974.57,0.11,0.42,1.59,5.38,6.55,12.79,10.36,
974.96,0.16,0.48,1.59,5.41,6.54,12.64,10.26,
975.35,0.17,0.47,1.57,5.40,6.62,12.62,10.37,
975.74,0.22,0.42,1.57,5.33,6.65,12.57,10.43,
976.13,0.25,0.43,1.58,5.33,6.63,12.61,10.50,
976.53,0.28,0.37,1.56,5.40,6.69,12.73,10.48,
976.92,0.24,0.36,1.58,5.41,6.75,13.02,10.49,
977.31,0.27,0.46,1.59,5.53,6.80,13.05,10.25,
977.70,0.23,0.52,1.61,5.59,6.87,13.08,10.36,
978.09,0.22,0.53,1.61,5.64,6.99,13.09,10.58,
978.48,0.21,0.52,1.60,5.66,7.06,13.37,10.75,
978.87,0.22,0.50,1.65,5.72,7.13,13.60,10.79,
979.27,0.21,0.52,1.66,5.79,7.13,13.72,11.05,
979.66,0.19,0.50,1.68,5.83,7.17,13.84,11.11,
980.05,0.19,0.56,1.72,5.88,7.18,14.05,11.15,
980.44,0.24,0.53,1.72,6.05,7.31,14.06,11.26,
980.83,0.22,0.49,1.75,6.03,7.41,14.17,11.45,
981.22,0.26,0.54,1.79,6.06,7.49,14.19,11.57,
981.61,0.27,0.49,1.82,6.12,7.57,14.48,11.66,
982.00,0.28,0.47,1.87,6.16,7.66,14.83,11.70,
982.39,0.23,0.52,1.91,6.22,7.72,15.04,11.74,
982.79,0.28,0.58,1.93,6.31,7.75,15.02,11.87,
983.18,0.23,0.56,1.98,6.35,7.86,15.11,12.18,
983.57,0.25,0.49,2.00,6.36,8.03,15.17,12.43,
983.96,0.27,0.54,2.04,6.36,8.04,15.45,12.64,
984.35,0.28,0.52,2.05,6.49,8.07,15.49,12.66,
984.74,0.26,0.47,2.11,6.51,8.09,15.73,12.84,
985.13,0.28,0.53,2.15,6.59,8.19,15.94,12.85,
985.52,0.30,0.59,2.15,6.72,8.30,15.92,12.88,
985.91,0.29,0.53,2.18,6.75,8.39,15.87,13.00,
986.30,0.28,0.56,2.19,6.66,8.47,16.00,13.19,
986.69,0.28,0.57,2.19,6.73,8.54,16.10,13.15,
987.08,0.26,0.56,2.17,6.71,8.55,16.38,13.09,
987.47,0.27,0.61,2.19,6.78,8.54,16.43,13.20,
987.86,0.25,0.64,2.17,6.81,8.52,16.33,13.16,
988.25,0.26,0.70,2.15,6.86,8.58,16.12,13.34,
988.64,0.26,0.67,2.20,6.85,8.66,16.25,13.51,
989.03,0.29,0.67,2.21,6.81,8.64,16.32,13.58,
989.42,0.28,0.64,2.18,6.84,8.59,16.37,13.57,
989.81,0.28,0.53,2.19,6.88,8.58,16.38,13.56,
990.20,0.26,0.56,2.19,6.82,8.60,16.58,13.54,
990.59,0.30,0.58,2.23,6.93,8.66,16.40,13.42,
990.98,0.28,0.54,2.21,6.92,8.74,16.26,13.43,
991.37,0.30,0.53,2.22,6.85,8.77,16.32,13.59,
991.76,0.26,0.52,2.23,6.81,8.84,16.44,13.48,
992.15,0.27,0.47,2.23,6.83,8.86,16.57,13.46,
992.54,0.27,0.46,2.24,6.84,8.82,16.72,13.56,
992.93,0.29,0.49,2.25,6.90,8.77,16.64,13.54,
993.32,0.28,0.54,2.26,6.90,8.80,16.54,13.56,
993.71,0.32,0.48,2.29,6.98,8.88,16.56,13.78,
994.10,0.34,0.48,2.32,6.90,8.87,16.73,13.77,
994.49,0.32,0.48,2.30,6.94,8.88,16.61,13.67,
994.87,0.33,0.44,2.30,6.92,8.90,16.66,13.73,
995.26,0.33,0.46,2.27,6.93,8.89,16.79,13.73,
995.65,0.33,0.56,2.28,6.98,8.92,16.71,13.59,
996.04,0.34,0.55,2.30,7.03,8.94,16.58,13.69,
996.43,0.32,0.59,2.26,6.94,8.95,16.56,13.73,
996.82,0.33,0.59,2.26,6.90,8.93,16.58,13.70,
997.21,0.31,0.58,2.26,6.86,8.92,16.66,13.61,
997.60,0.32,0.59,2.25,6.89,8.83,16.65,13.67,
997.99,0.32,0.63,2.24,6.86,8.76,16.54,13.58,
998.38,0.32,0.67,2.25,6.90,8.72,16.37,13.46,
998.76,0.30,0.65,2.27,6.90,8.76,16.32,13.50,
999.15,0.32,0.63,2.26,6.84,8.76,16.31,13.48,
999.54,0.31,0.67,2.23,6.79,8.71,16.10,13.35,
999.93,0.33,0.58,2.22,6.81,8.63,16.11,13.31,
1000.32,0.33,0.58,2.21,6.72,8.60,16.22,13.21,
1000.71,0.36,0.62,2.19,6.76,8.55,16.08,13.12,
1001.09,0.35,0.65,2.19,6.73,8.53,15.89,13.03,
1001.48,0.33,0.65,2.17,6.67,8.52,15.83,13.11,
1001.87,0.33,0.65,2.17,6.59,8.52,15.76,13.01,
1002.26,0.35,0.61,2.16,6.53,8.45,15.79,13.00,
1002.65,0.33,0.62,2.13,6.52,8.35,15.79,12.88,
1003.03,0.37,0.60,2.12,6.51,8.27,15.68,12.88,
1003.42,0.39,0.64,2.13,6.48,8.26,15.50,12.74,
1003.81,0.40,0.62,2.14,6.53,8.29,15.52,12.78,
1004.20,0.41,0.62,2.12,6.44,8.28,15.49,12.76,
1004.59,0.43,0.65,2.11,6.36,8.23,15.38,12.74,
1004.97,0.40,0.60,2.10,6.36,8.24,15.39,12.69,
1005.36,0.39,0.56,2.09,6.32,8.20,15.67,12.64,
1005.75,0.37,0.64,2.10,6.30,8.21,15.55,12.51,
1006.14,0.35,0.67,2.09,6.36,8.18,15.40,12.54,
1006.52,0.29,0.67,2.09,6.29,8.23,15.38,12.51,
1006.91,0.33,0.65,2.13,6.27,8.26,15.48,12.46,
1007.30,0.32,0.66,2.13,6.25,8.25,15.56,12.38,
1007.69,0.33,0.63,2.09,6.32,8.16,15.65,12.47,
1008.07,0.36,0.56,2.09,6.32,8.17,15.66,12.35,
1008.46,0.38,0.55,2.12,6.34,8.19,15.57,12.44,
1008.85,0.34,0.58,2.11,6.38,8.28,15.51,12.40,
1009.23,0.31,0.52,2.05,6.39,8.30,15.61,12.46,
1009.62,0.29,0.57,2.07,6.26,8.28,15.40,12.40,
1010.01,0.21,0.52,2.06,6.28,8.30,15.40,12.47,
1010.40,0.18,0.45,2.05,6.26,8.31,15.62,12.39,
1010.78,0.23,0.45,2.03,6.26,8.21,15.69,12.44,
1011.17,0.25,0.49,2.01,6.31,8.21,15.35,12.37,
1011.56,0.25,0.49,1.97,6.32,8.28,15.30,12.60,
1011.94,0.28,0.43,1.97,6.28,8.37,15.24,12.64,
1012.33,0.31,0.41,1.97,6.25,8.32,15.38,12.71,
1012.72,0.26,0.36,1.96,6.22,8.24,15.18,12.68,
1013.10,0.25,0.21,1.94,6.22,8.15,15.26,12.80,
1013.49,0.27,0.28,1.95,6.20,8.18,15.11,12.68,
1013.87,0.24,0.38,1.96,6.31,8.20,15.02,12.67,
1014.26,0.22,0.39,2.00,6.31,8.25,14.90,12.64,
1014.65,0.20,0.42,2.02,6.25,8.18,14.96,12.81,
1015.03,0.16,0.43,2.03,6.16,8.19,14.88,12.67,
1015.42,0.16,0.33,2.06,6.14,8.15,15.30,12.73,
1015.81,0.26,0.36,2.08,6.12,8.09,15.31,12.67,
1016.19,0.30,0.43,2.04,6.17,8.03,15.21,12.74,
1016.58,0.32,0.54,2.07,6.19,8.11,14.94,12.71,
1016.96,0.31,0.47,2.08,6.18,8.18,15.13,12.96,
1017.35,0.30,0.45,2.12,6.05,8.16,15.18,12.86,
1017.73,0.30,0.43,2.11,6.12,8.07,15.10,12.88,
1018.12,0.30,0.30,2.10,6.10,8.05,15.01,12.73,
1018.51,0.34,0.32,2.05,6.13,8.02,15.28,12.73,
1018.89,0.38,0.44,2.04,6.21,8.11,14.99,12.66,
1019.28,0.31,0.43,2.08,6.17,8.06,15.00,12.78,
1019.66,0.32,0.48,2.08,5.98,8.10,15.00,12.68,
1020.05,0.28,0.45,2.03,5.88,8.06,15.13,12.70,
1020.43,0.29,0.39,2.03,5.85,8.06,15.25,12.46,
1020.82,0.34,0.36,2.06,5.90,8.00,15.47,12.53,
1021.20,0.38,0.41,2.03,5.88,7.94,15.17,12.37,
1021.59,0.40,0.43,2.01,5.95,7.99,15.08,12.35,
1021.97,0.38,0.35,2.04,5.96,8.07,15.02,12.23,
1022.36,0.42,0.28,2.06,5.89,8.00,15.25,12.31,
1022.74,0.39,0.28,2.09,5.90,7.95,14.79,12.04,
1023.13,0.37,0.20,2.03,6.01,7.84,15.02,12.12,
1023.51,0.39,0.23,2.05,5.94,7.84,15.38,11.93,
1023.90,0.45,0.45,2.02,6.09,7.84,15.22,12.06,
1024.28,0.42,0.53,2.07,6.09,7.91,14.92,12.01,
1024.67,0.44,0.64,2.05,5.98,7.85,15.05,12.03,
1025.05,0.48,0.59,2.03,5.93,7.97,15.05,11.88,
1025.44,0.41,0.52,2.00,5.95,7.88,15.15,12.05,
1025.82,0.47,0.52,2.00,6.03,7.80,15.16,11.99,
1026.21,0.56,0.54,2.01,5.99,7.66,15.03,11.97,
1026.59,0.61,0.62,1.97,6.00,7.73,14.58,11.98,
1026.97,0.53,0.57,1.99,6.13,7.86,14.65,12.07,
1027.36,0.56,0.54,1.98,5.98,7.80,14.66,12.01,
1027.74,0.54,0.64,1.94,5.95,7.71,14.48,12.06,
1028.13,0.49,0.57,1.93,5.98,7.68,14.41,12.02,
1028.51,0.49,0.63,1.87,5.95,7.68,15.07,12.12,
1028.89,0.58,0.75,1.91,6.00,7.75,14.70,12.12,
1029.28,0.50,0.80,1.90,6.14,7.80,14.54,12.18,
1029.66,0.44,0.81,1.94,5.92,7.88,14.60,12.13,
1030.05,0.49,0.75,1.90,5.85,7.95,14.68,12.08,
1030.43,0.41,0.66,1.93,5.86,7.94,14.55,11.88,
1030.81,0.39,0.62,1.95,5.85,7.86,14.78,11.93,
1031.20,0.56,0.52,2.03,5.84,7.76,14.65,11.77,
1031.58,0.55,0.65,1.98,5.91,7.77,14.57,11.83,
1031.96,0.49,0.68,2.03,6.03,7.97,14.45,11.83,
1032.35,0.45,0.62,2.02,5.95,7.94,14.70,11.91,
1032.73,0.39,0.76,2.05,5.86,7.87,14.37,11.83,
1033.11,0.20,0.72,2.05,5.92,7.84,14.48,11.92,
1033.50,0.20,0.64,2.13,5.79,7.85,14.92,11.84,
1033.88,0.15,0.71,2.07,5.85,7.88,14.90,11.81,
1034.26,0.13,0.69,2.09,5.89,7.79,14.29,11.62,
1034.65,0.07,0.69,2.06,5.75,7.82,14.56,11.36,
1035.03,0.23,0.65,2.07,5.65,7.86,14.52,11.32,
1035.41,0.23,0.61,2.06,5.69,7.75,14.84,11.21,
1035.79,0.23,0.57,2.10,5.75,7.62,14.77,11.06,
1036.18,0.18,0.41,2.04,5.74,7.53,15.09,11.25,
1036.56,0.25,0.46,2.01,5.83,7.49,14.75,11.28,
1036.94,0.21,0.61,1.94,6.04,7.65,14.76,11.32,
1037.32,0.12,0.42,2.00,5.92,7.64,14.69,11.28,
1037.71,0.17,0.50,1.89,5.82,7.61,14.72,11.29,
1038.09,0.12,0.48,1.88,5.91,7.51,14.54,11.26,
1038.47,0.05,0.31,1.80,5.79,7.62,15.20,11.29,
1038.85,0.22,0.29,1.84,5.79,7.63,15.07,11.38,
1039.24,0.29,0.34,1.73,5.96,7.57,14.96,11.42,
1039.62,0.37,0.47,1.75,5.95,7.66,14.69,11.48,
1040.00,0.35,0.40,1.75,5.83,7.88,15.02,11.53,
1040.38,0.38,0.35,1.81,5.73,7.82,15.09,11.76,
1040.76,0.33,0.28,1.78,5.82,7.70,14.75,11.76,
1041.15,0.31,0.08,1.80,5.83,7.61,14.52,11.63,
1041.53,0.29,0.10,1.77,5.84,7.63,14.48,11.75,
1041.91,0.47,0.37,1.76,6.09,7.74,14.04,11.62,
1042.29,0.37,0.37,1.78,5.97,7.78,14.07,11.61,
1042.67,0.32,0.43,1.82,5.76,7.76,13.85,11.51,
1043.05,0.38,0.54,1.73,5.70,7.84,13.98,11.42,
1043.44,0.30,0.36,1.78,5.68,7.68,14.41,11.34,
1043.82,0.30,0.33,1.79,5.76,7.69,14.61,10.96,
1044.20,0.47,0.44,1.78,5.87,7.56,14.18,11.05,
1044.58,0.53,0.56,1.80,5.93,7.73,14.12,10.89,
1044.96,0.54,0.51,1.84,5.90,7.83,14.05,10.79,
1045.34,0.51,0.43,1.91,5.80,7.74,14.49,10.78,
1045.72,0.49,0.43,1.96,5.87,7.60,13.96,10.94,
1046.10,0.46,0.41,1.92,5.95,7.46,14.15,11.03,
1046.48,0.50,0.41,1.99,5.78,7.45,14.24,11.03,
1046.87,0.53,0.71,2.03,5.97,7.58,14.04,11.17,
1047.25,0.50,0.86,2.04,5.95,7.49,14.07,11.40,
1047.63,0.30,0.81,2.03,5.64,7.46,14.32,11.48,
1048.01,0.45,0.66,2.01,5.57,7.52,14.31,11.46,
1048.39,0.24,0.54,2.11,5.58,7.36,14.71,11.54,
1048.77,0.21,0.52,2.19,5.68,7.27,14.82,11.93,
1049.15,0.31,0.58,2.17,5.79,7.28,14.46,11.78,
1049.53,0.34,0.74,2.22,5.84,7.35,14.29,11.97,
1049.91,0.25,0.72,2.25,5.80,7.68,14.12,12.01,
1050.29,0.31,0.66,2.17,5.75,7.55,14.15,12.03,
1050.67,0.19,0.67,2.19,5.73,7.51,13.54,12.03,
1051.05,-0.10,0.54,2.20,5.75,7.45,13.42,11.98,
1051.43,-0.10,0.55,2.13,5.61,7.48,13.78,12.01,
1051.81,0.00,0.68,2.11,5.79,7.68,13.50,11.79,
1052.19,-0.20,0.82,2.13,5.84,7.72,13.38,11.57,
1052.57,-0.13,0.73,2.09,5.61,7.66,13.44,11.69,
1052.95,-0.07,0.64,2.01,5.60,7.84,13.58,11.48,
1053.33,0.00,0.54,2.14,5.63,7.73,13.99,11.28,
1053.71,-0.07,0.51,2.06,5.70,7.48,14.24,11.24,
1054.09,0.10,0.45,1.94,5.69,7.36,14.15,11.20,
1054.47,0.14,0.77,1.86,5.69,7.48,13.96,10.98,
1054.85,0.18,0.71,1.78,5.54,7.75,13.95,11.02,
1055.23,0.14,0.72,1.76,5.39,7.80,13.93,10.88,
1055.60,0.11,0.84,1.78,5.45,7.52,13.81,10.99,
1055.98,-0.26,0.70,1.76,5.44,7.43,13.79,10.94,
1056.36,-0.19,0.67,1.71,5.29,7.33,14.24,10.70,
1056.74,-0.04,1.02,1.77,5.46,7.46,14.41,10.64,
1057.12,0.00,1.10,1.87,5.60,7.39,14.48,10.48,
1057.50,-0.15,1.12,1.93,5.43,7.44,14.83,10.21,
1057.88,-0.04,1.01,1.87,5.34,7.64,15.29,10.62,
1058.26,-0.12,1.02,1.85,5.32,7.60,15.66,10.34,
1058.64,-0.12,0.88,1.95,5.41,7.40,15.62,10.45,
1059.01,-0.12,0.76,1.89,5.43,7.44,15.28,10.56,
1059.39,-0.04,1.05,1.95,5.60,7.47,14.91,10.75,
1059.77,-0.12,1.02,1.96,5.81,7.73,14.42,10.74,
1060.15,-0.08,0.70,2.10,5.73,7.76,14.44,10.73,
1060.53,-0.21,0.87,2.25,5.78,7.57,13.83,10.71,
1060.91,-0.34,0.63,2.10,5.96,7.26,13.96,10.91,
1061.28,-0.25,0.42,1.86,5.85,7.33,14.40,10.59,
1061.66,0.04,0.68,1.97,5.99,7.35,14.32,11.12,
1062.04,0.09,0.91,1.98,6.21,7.29,14.23,11.11,
1062.42,0.22,0.87,1.96,6.17,7.35,14.02,11.31,
1062.80,0.31,0.88,1.80,5.92,7.67,14.36,10.96,
1063.17,0.53,0.71,1.81,5.88,7.48,14.15,10.95,
1063.55,0.31,0.71,1.87,5.98,7.14,13.38,10.37,
1063.93,0.41,0.36,1.76,6.03,6.89,13.51,10.58,
1064.31,0.36,0.64,1.73,5.87,6.96,12.84,10.46,
1064.68,0.50,0.78,1.88,6.19,7.16,12.73,10.32,
1065.06,0.28,0.60,1.90,5.92,7.31,12.61,9.83,
1065.44,0.37,0.75,1.82,5.61,7.34,12.39,9.94,
1065.82,0.19,0.71,1.75,5.48,7.18,12.16,9.56,
1066.19,0.29,0.33,1.48,5.30,7.06,13.48,9.54,
1066.57,0.39,0.53,1.59,5.06,7.33,13.38,9.53,
1066.95,0.59,0.73,1.81,5.22,7.03,13.06,9.64,
1067.32,0.54,0.64,1.87,5.13,7.25,13.07,9.00,
1067.70,0.55,0.25,1.79,5.08,7.57,13.33,9.34,
1068.08,0.50,0.25,1.86,4.78,7.55,13.08,8.93,
1068.45,0.46,0.00,1.98,5.03,7.12,12.46,9.02,
1068.83,0.21,-0.21,1.90,4.98,6.88,12.46,9.25,
1069.21,0.36,-0.16,1.92,4.94,6.96,13.12,9.49,
1069.58,0.47,0.21,2.05,5.21,7.42,12.23,9.08,
1069.96,0.43,0.21,2.13,5.27,7.55,12.37,9.57,
1070.34,0.32,0.48,1.83,4.90,7.64,12.24,9.42,
1070.71,0.38,0.43,1.79,4.95,7.72,12.51,9.79,
1071.09,0.22,0.38,1.92,4.72,7.63,13.45,9.47,
1071.47,0.39,0.44,1.88,5.10,7.37,13.85,10.39,
1071.84,0.62,0.73,2.07,5.21,7.34,12.88,9.94,
1072.22,0.85,0.73,2.09,5.48,7.52,13.14,10.03,
1072.59,0.74,0.68,2.22,5.35,7.97,12.80,9.67,
1072.97,1.09,0.57,2.06,5.16,7.74,13.18,9.74,
1073.35,0.98,0.69,2.14,5.20,7.68,12.13,9.24,
1073.72,0.87,0.23,2.15,5.53,7.28,12.51,9.60,
1074.10,0.94,0.35,2.00,5.29,7.29,12.63,9.25,
1074.47,1.19,0.65,1.96,5.69,7.65,13.05,9.49,
1074.85,0.84,0.96,2.15,5.80,7.72,12.41,8.97,
1075.22,0.66,1.08,2.23,5.36,7.53,12.95,9.78,
1075.60,0.67,0.79,2.06,5.10,7.52,13.50,9.40,
1075.97,0.55,0.55,2.32,5.32,7.27,14.21,9.78,
1076.35,0.49,0.43,2.34,5.29,6.95,13.69,9.23,
1076.72,0.74,0.37,2.36,5.52,6.77,13.19,9.93,
1077.10,0.81,0.63,2.32,5.51,7.21,13.00,9.40,
1077.47,0.70,0.44,2.46,5.50,7.39,13.11,9.95,
1077.85,0.45,0.38,2.42,4.97,7.52,12.91,9.56,
1078.22,0.19,-0.06,2.38,5.21,7.27,12.71,10.13,
1078.60,-0.58,-0.19,2.40,5.19,7.14,12.50,10.07,
1078.97,-0.46,-0.39,2.23,5.11,7.02,13.28,10.65,
1079.35,-0.40,0.13,2.12,4.97,7.29,12.92,10.11,
1079.72,-0.67,0.47,2.08,5.50,7.24,13.25,10.73,
1080.10,-0.75,0.88,2.24,4.81,7.25,12.19,10.16,
1080.47,-0.21,0.55,1.92,4.59,7.66,13.00,10.44,
1080.84,-0.21,0.41,1.52,4.36,7.40,13.31,9.85,
1081.22,-0.14,0.14,1.61,4.82,6.92,13.80,10.13,
1081.59,0.00,-0.21,1.55,4.45,6.86,13.25,9.72,
1081.97,0.22,0.14,1.36,4.95,6.89,13.81,9.87,
1082.34,0.00,0.22,1.31,5.02,7.35,13.64,9.27,
1082.71,0.07,-0.15,1.18,4.93,7.29,13.62,9.57,
1083.09,0.00,-0.07,0.97,4.70,7.31,12.30,9.13,
1083.46,-0.23,-0.38,1.13,5.13,6.72,13.02,9.06,
1083.83,-0.08,-0.15,1.15,4.66,6.88,13.75,8.79,
1084.21,0.46,0.15,1.16,5.25,6.88,13.14,8.69,
1084.58,0.55,0.63,1.10,5.24,6.81,13.31,8.02,
1084.95,0.71,0.79,1.03,5.15,6.89,13.47,8.32,
1085.33,1.20,0.72,0.96,4.48,7.28,13.80,8.00,
1085.70,1.05,0.24,0.89,4.85,6.88,14.76,8.29,
1086.07,0.65,-0.16,0.82,4.83,6.22,14.73,7.98,
1086.45,0.66,-0.66,0.91,5.21,6.37,14.68,8.47,
1086.82,0.67,0.00,0.75,5.19,6.44,13.60,8.37,
1087.19,0.93,0.25,0.93,5.84,6.85,13.54,8.67,
1087.57,0.51,0.34,0.94,5.14,7.02,12.85,8.57,
1087.94,0.43,0.52,0.95,4.93,6.74,12.11,8.43,
1088.31,0.17,0.61,1.05,4.80,6.02,11.57,8.51,
1088.68,0.18,0.35,1.23,4.93,5.90,14.53,9.02,
1089.06,0.53,1.06,1.06,4.70,6.21,13.53,7.99,
1089.43,0.81,1.25,1.08,5.20,6.00,13.67,8.51,
1089.80,1.09,1.73,1.09,4.63,6.26,13.62,8.17,
1090.17,1.29,1.38,1.01,4.41,6.88,14.23,9.18,
1090.54,1.11,1.02,0.93,4.17,6.30,14.13,8.80,
1090.92,0.75,0.47,1.03,4.78,5.71,14.75,9.60,
1091.29,0.76,0.28,0.94,4.63,5.48,14.17,9.21,
1091.66,1.05,0.76,0.95,4.95,5.52,13.79,9.27,
1092.03,1.44,1.25,0.86,5.18,5.75,12.22,8.87,
1092.40,1.26,1.07,0.97,5.04,5.91,13.32,8.48,
1092.78,1.08,1.57,0.88,4.11,5.58,11.99,7.59,
1093.15,0.59,1.09,1.09,4.54,5.43,12.34,7.90,
1093.52,0.00,0.50,1.19,3.98,5.27,14.17,7.46,
1093.89,-0.10,0.80,1.21,4.22,5.53,14.84,7.29,
1094.26,0.41,0.91,1.22,4.46,5.07,12.68,7.10,
1094.63,0.31,0.82,1.23,4.52,5.55,13.35,8.22,
1095.00,0.21,0.62,1.25,4.15,5.71,12.98,6.75,
1095.37,0.32,0.00,1.16,3.99,5.36,14.18,7.09,
1095.75,-0.32,-0.32,1.38,4.03,4.77,11.93,5.83,
1096.12,-0.54,-1.07,1.71,4.50,4.72,12.33,6.16,
1096.49,-0.32,-0.43,1.73,4.33,4.54,10.82,5.41,
1096.86,-0.33,-0.33,1.64,5.02,5.24,10.37,5.19,
1097.23,-0.99,0.00,1.77,4.53,5.19,8.84,4.42,
1097.60,-1.46,0.00,2.13,3.93,5.38,9.25,4.49,
1097.97,-1.36,-0.23,2.16,3.52,5.33,8.23,4.54,
1098.34,-1.84,-0.46,2.18,3.44,5.28,10.33,4.88,
1098.71,-1.28,-0.12,1.86,3.49,5.00,9.30,4.65,
1099.08,-0.35,-0.59,1.65,3.78,4.60,8.56,4.43,
1099.45,0.60,-0.24,1.19,3.70,5.25,7.15,3.87,
1099.82,0.24,-0.36,1.33,3.86,6.27,7.54,2.11,
1100.19,0.49,-0.61,0.86,3.07,5.89,7.06,1.53,
1100.56,-0.00,-0.00,0.00,0.00,0.00,0.00,0.00,
1100.93,-0.00,-0.00,0.00,0.00,0.00,0.00,0.00,
1101.30,-0.00,-0.00,0.00,0.00,0.00,0.00,0.00,
1101.67,-0.00,-0.00,0.00,0.00,0.00,0.00,0.00,
1102.04,-0.00,-0.00,0.00,0.00,0.00,0.00,0.00,
1102.41,-0.00,0.00,0.00,0.00,0.00,0.00,-0.00,
1102.78,-0.00,-0.00,0.00,0.00,0.00,0.00,0.00,
1103.15,-0.00,-0.00,-0.00,0.00,0.00,0.00,0.00,
1103.52,-0.00,-0.00,0.00,0.00,0.00,0.00,-0.00,
1103.88,0.00,-0.00,-0.00,0.00,0.00,0.00,-0.00,
1104.25,0.00,-0.00,-0.00,0.00,0.00,0.00,-0.00,
1104.62,0.00,-0.00,-0.00,0.00,0.00,0.00,-0.00,
1104.99,0.00,-0.00,-0.00,0.00,0.00,0.00,-0.00,
1105.36,-0.00,-0.00,-0.00,0.00,0.00,0.00,0.00,
1105.73,-0.00,-0.00,-0.00,0.00,0.00,0.00,0.00,
1106.10,-0.00,-0.00,-0.00,0.00,0.00,0.00,0.00,
1106.47,-0.00,-0.00,-0.00,0.00,0.00,0.00,0.00,
1106.83,-0.00,0.00,-0.00,0.00,0.00,0.00,0.00,
1107.20,0.00,0.00,-0.00,0.00,0.00,0.00,0.00,
1107.57,0.00,0.00,-0.00,0.00,0.00,0.00,0.00,
1107.94,-0.00,-0.00,-0.00,0.00,0.00,0.00,0.00,
1108.31,-0.00,-0.00,-0.00,0.00,0.00,0.00,0.00,
1108.67,-0.00,-0.00,-0.00,0.00,0.00,0.00,0.00,
1109.04,0.00,-0.00,-0.00,0.00,0.00,0.00,0.00,
1109.41,0.00,0.00,-0.00,0.00,0.00,0.00,0.00,
1109.78,0.00,0.00,-0.00,0.00,0.00,0.00,0.00,
1110.15,-0.00,0.00,-0.00,0.00,0.00,0.00,0.00,
1110.51,-0.00,0.00,0.00,0.00,0.00,0.00,0.00,
1110.88,-0.00,0.00,0.00,0.00,0.00,0.00,0.00,
1111.25,0.00,0.00,0.00,0.00,0.00,0.00,0.00,
1111.62,0.00,0.00,0.00,0.00,0.00,0.00,0.00,
1111.98,0.00,0.00,0.00,0.00,0.00,0.00,0.00,
1112.35,0.00,0.00,0.00,0.00,0.00,0.00,0.00,
1112.72,0.00,0.00,0.00,0.00,0.00,0.00,0.00,
1113.08,0.00,0.00,0.00,0.00,0.00,0.00,0.00,
1113.45,0.00,-0.00,0.00,0.00,0.00,0.00,0.00,
1113.82,0.00,0.00,0.00,0.00,0.00,0.00,0.00,
1114.18,0.00,0.00,0.00,0.00,0.00,0.00,0.00,
1114.55,0.00,0.00,0.00,0.00,0.00,0.00,0.00,
1114.92,0.00,0.00,0.00,0.00,0.00,0.00,0.00,
1115.28,0.00,0.00,0.00,0.00,0.00,0.00,0.00,
1115.65,0.00,0.00,0.00,0.00,0.00,0.00,0.00,
1116.02,0.00,0.00,0.00,0.00,0.00,0.00,0.00,
1116.38,0.00,0.00,-0.00,0.00,0.00,0.00,0.00,
1116.75,0.00,0.00,0.00,0.00,0.00,0.00,0.00,
1117.11,0.00,0.00,0.00,0.00,0.00,0.00,0.00,
1117.48,0.00,0.00,0.00,-0.00,0.00,0.00,-0.00,
1117.84,0.00,0.00,0.00,0.00,0.00,0.00,0.00,
1118.21,0.00,0.00,0.00,0.00,-0.00,0.00,-0.00,
1118.58,0.00,0.00,0.00,0.00,-0.00,0.00,-0.00,
1118.94,0.00,0.00,0.00,0.00,0.00,0.00,-0.00,
1119.31,0.00,0.00,0.00,0.00,-0.00,0.00,-0.00,
1119.67,0.00,0.00,0.00,-0.00,-0.00,0.00,-0.00,
1120.04,0.00,0.00,0.00,-0.00,-0.00,0.00,-0.00,
1120.40,0.00,0.00,0.00,-0.00,-0.00,0.00,-0.00,
1120.77,0.00,0.00,0.00,-0.00,-0.00,0.00,-0.00,
1121.13,0.00,0.00,0.00,0.00,-0.00,0.00,-0.00,
1121.50,0.00,0.00,0.00,-0.00,-0.00,0.00,-0.00,
1121.86,0.00,0.00,0.00,-0.00,-0.00,0.00,-0.00,
